id,from,to,open,close,min,max,volume
876202.0,1583529120.0,1583529180.0,1.130565,1.13049,1.130435,1.13059,138.0
876203.0,1583529180.0,1583529240.0,1.130485,1.13051,1.130445,1.130545,190.0
876204.0,1583529240.0,1583529300.0,1.1305,1.130515,1.130435,1.13054,155.0
876205.0,1583529300.0,1583529360.0,1.13051,1.13044,1.130435,1.130635,163.0
876206.0,1583529360.0,1583529420.0,1.130435,1.13057,1.130435,1.130575,138.0
876207.0,1583529420.0,1583529480.0,1.13056,1.130425,1.1304,1.13057,162.0
876208.0,1583529480.0,1583529540.0,1.13042,1.130525,1.130395,1.130535,149.0
876209.0,1583529540.0,1583529600.0,1.13053,1.130785,1.130505,1.1308,142.0
876210.0,1583529600.0,1583529660.0,1.1308,1.13077,1.130755,1.1308,160.0
876211.0,1583529660.0,1583529720.0,1.13078,1.130815,1.130755,1.130885,160.0
876212.0,1583529720.0,1583529780.0,1.13082,1.130835,1.130805,1.13088,159.0
876213.0,1583529780.0,1583529840.0,1.130825,1.130815,1.130815,1.13086,165.0
876214.0,1583529840.0,1583529900.0,1.13082,1.13089,1.130785,1.130925,182.0
876215.0,1583529900.0,1583529960.0,1.130885,1.130805,1.13079,1.13091,147.0
876216.0,1583529960.0,1583530020.0,1.13081,1.130855,1.130805,1.130985,146.0
876217.0,1583530020.0,1583530080.0,1.13085,1.130515,1.13049,1.130915,149.0
876218.0,1583530080.0,1583530140.0,1.13052,1.13054,1.13049,1.13055,137.0
876219.0,1583530140.0,1583530200.0,1.13053,1.13052,1.13049,1.13058,137.0
876220.0,1583530200.0,1583530260.0,1.13051,1.13042,1.13035,1.130515,167.0
876221.0,1583530260.0,1583530320.0,1.130405,1.130435,1.13039,1.13045,136.0
876222.0,1583530320.0,1583530380.0,1.130445,1.13044,1.13042,1.130525,135.0
876223.0,1583530380.0,1583530440.0,1.13043,1.130405,1.130375,1.130455,145.0
876224.0,1583530440.0,1583530500.0,1.13041,1.1305,1.130385,1.130515,168.0
876225.0,1583530500.0,1583530560.0,1.130495,1.130345,1.130345,1.13051,158.0
876226.0,1583530560.0,1583530620.0,1.13036,1.13042,1.13033,1.13051,116.0
876227.0,1583530620.0,1583530680.0,1.130415,1.13042,1.13041,1.13044,123.0
876228.0,1583530680.0,1583530740.0,1.130425,1.13006,1.13006,1.13044,150.0
876229.0,1583530740.0,1583530800.0,1.13007,1.129925,1.129905,1.13008,173.0
876230.0,1583530800.0,1583530860.0,1.12993,1.129755,1.1297,1.12998,142.0
876231.0,1583530860.0,1583530920.0,1.12974,1.129785,1.129715,1.129805,151.0
876232.0,1583530920.0,1583530980.0,1.12978,1.129775,1.129695,1.12981,196.0
876233.0,1583530980.0,1583531040.0,1.12978,1.129685,1.129675,1.129995,172.0
876234.0,1583531040.0,1583531100.0,1.1297,1.12944,1.129415,1.1297,219.0
876235.0,1583531100.0,1583531160.0,1.12942,1.129385,1.12935,1.129525,200.0
876236.0,1583531160.0,1583531220.0,1.12939,1.129385,1.12936,1.12945,205.0
876237.0,1583531220.0,1583531280.0,1.129405,1.12906,1.129,1.129405,193.0
876238.0,1583531280.0,1583531340.0,1.129065,1.12898,1.12893,1.129585,205.0
876239.0,1583531340.0,1583531400.0,1.128975,1.129,1.12895,1.129055,167.0
876240.0,1583531400.0,1583531460.0,1.12902,1.12914,1.12895,1.129175,184.0
876241.0,1583531460.0,1583531520.0,1.12915,1.129065,1.128965,1.129155,146.0
876242.0,1583531520.0,1583531580.0,1.129085,1.12908,1.129045,1.12921,153.0
876243.0,1583531580.0,1583531640.0,1.1291,1.1291,1.129075,1.129195,119.0
876244.0,1583531640.0,1583531700.0,1.129125,1.12912,1.12908,1.129155,134.0
876245.0,1583531700.0,1583531760.0,1.1291,1.12911,1.12901,1.1293,170.0
876246.0,1583531760.0,1583531820.0,1.129105,1.12896,1.12892,1.129125,163.0
876247.0,1583531820.0,1583531880.0,1.128955,1.129065,1.12894,1.129085,135.0
876248.0,1583531880.0,1583531940.0,1.12907,1.12898,1.12872,1.12915,148.0
876249.0,1583531940.0,1583532000.0,1.12898,1.12898,1.12898,1.12898,0.0
876250.0,1583701260.0,1583701320.0,1.12898,1.13471,1.12898,1.13515,25.0
876251.0,1583701320.0,1583701380.0,1.13471,1.134675,1.1345,1.134805,12.0
876252.0,1583701380.0,1583701440.0,1.134675,1.134505,1.134455,1.134735,81.0
876253.0,1583701440.0,1583701500.0,1.134505,1.13445,1.13426,1.134535,34.0
876254.0,1583701500.0,1583701560.0,1.13458,1.13475,1.13455,1.13475,35.0
876255.0,1583701560.0,1583701620.0,1.13475,1.13456,1.134255,1.13475,28.0
876256.0,1583701620.0,1583701680.0,1.13456,1.134495,1.13442,1.134605,19.0
876257.0,1583701680.0,1583701740.0,1.13441,1.134455,1.134355,1.1347,73.0
876258.0,1583701740.0,1583701800.0,1.134455,1.13444,1.134395,1.134555,53.0
876259.0,1583701800.0,1583701860.0,1.13437,1.13457,1.134355,1.134605,89.0
876260.0,1583701860.0,1583701920.0,1.13458,1.134535,1.13449,1.13467,68.0
876261.0,1583701920.0,1583701980.0,1.134535,1.134375,1.134115,1.13472,85.0
876262.0,1583701980.0,1583702040.0,1.13454,1.134335,1.13421,1.13454,70.0
876263.0,1583702040.0,1583702100.0,1.134335,1.13447,1.13418,1.13454,96.0
876264.0,1583702100.0,1583702160.0,1.13443,1.134345,1.134235,1.134555,93.0
876265.0,1583702160.0,1583702220.0,1.134345,1.134175,1.134015,1.134395,57.0
876266.0,1583702220.0,1583702280.0,1.134135,1.13414,1.133995,1.134295,107.0
876267.0,1583702280.0,1583702340.0,1.13405,1.13418,1.13397,1.134275,69.0
876268.0,1583702340.0,1583702400.0,1.13419,1.134155,1.133965,1.13433,92.0
876269.0,1583702400.0,1583702460.0,1.13413,1.13418,1.134,1.134325,79.0
876270.0,1583702460.0,1583702520.0,1.13416,1.13416,1.134085,1.1343,88.0
876271.0,1583702520.0,1583702580.0,1.134255,1.134,1.13393,1.134295,98.0
876272.0,1583702580.0,1583702640.0,1.133955,1.13409,1.133925,1.134195,150.0
876273.0,1583702640.0,1583702700.0,1.13409,1.13408,1.134005,1.134165,61.0
876274.0,1583702700.0,1583702760.0,1.134085,1.133845,1.133795,1.134135,73.0
876275.0,1583702760.0,1583702820.0,1.13397,1.13396,1.13381,1.134095,126.0
876276.0,1583702820.0,1583702880.0,1.133915,1.13382,1.133725,1.13405,75.0
876277.0,1583702880.0,1583702940.0,1.13382,1.133775,1.13371,1.13405,82.0
876278.0,1583702940.0,1583703000.0,1.13377,1.13379,1.133705,1.1339,60.0
876279.0,1583703000.0,1583703060.0,1.1337,1.13376,1.13358,1.133855,80.0
876280.0,1583703060.0,1583703120.0,1.13376,1.13376,1.133615,1.133855,48.0
876281.0,1583703120.0,1583703180.0,1.133705,1.133755,1.13367,1.134015,89.0
876282.0,1583703180.0,1583703240.0,1.13375,1.13394,1.13362,1.13413,88.0
876283.0,1583703240.0,1583703300.0,1.13391,1.13399,1.13381,1.1341,66.0
876284.0,1583703300.0,1583703360.0,1.13399,1.134,1.13385,1.134025,64.0
876285.0,1583703360.0,1583703420.0,1.13412,1.13396,1.13377,1.13412,43.0
876286.0,1583703420.0,1583703480.0,1.133905,1.13391,1.13384,1.134045,75.0
876287.0,1583703480.0,1583703540.0,1.13396,1.134285,1.13385,1.134285,61.0
876288.0,1583703540.0,1583703600.0,1.134265,1.13419,1.134175,1.13428,95.0
876289.0,1583703600.0,1583703660.0,1.1342,1.134195,1.134065,1.13425,76.0
876290.0,1583703660.0,1583703720.0,1.134285,1.13419,1.134095,1.134285,63.0
876291.0,1583703720.0,1583703780.0,1.134285,1.134255,1.13408,1.13432,83.0
876292.0,1583703780.0,1583703840.0,1.134275,1.1343,1.13408,1.134395,56.0
876293.0,1583703840.0,1583703900.0,1.13439,1.13434,1.13421,1.134455,78.0
876294.0,1583703900.0,1583703960.0,1.13434,1.13436,1.13431,1.13447,51.0
876295.0,1583703960.0,1583704020.0,1.13442,1.13465,1.134325,1.13489,52.0
876296.0,1583704020.0,1583704080.0,1.13465,1.134615,1.134505,1.134775,66.0
876297.0,1583704080.0,1583704140.0,1.13472,1.134635,1.13436,1.13477,76.0
876298.0,1583704140.0,1583704200.0,1.134705,1.134615,1.134475,1.13477,69.0
876299.0,1583704200.0,1583704260.0,1.13461,1.134605,1.13437,1.134765,56.0
876300.0,1583704260.0,1583704320.0,1.134605,1.13475,1.134475,1.13486,93.0
876301.0,1583704320.0,1583704380.0,1.13475,1.13482,1.134645,1.134935,135.0
876302.0,1583704380.0,1583704440.0,1.134825,1.134755,1.13468,1.135295,158.0
876303.0,1583704440.0,1583704500.0,1.1348,1.13475,1.134665,1.134895,119.0
876304.0,1583704500.0,1583704560.0,1.13481,1.134835,1.13466,1.134895,109.0
876305.0,1583704560.0,1583704620.0,1.134805,1.13503,1.134735,1.13519,160.0
876306.0,1583704620.0,1583704680.0,1.1351,1.135035,1.13484,1.13519,125.0
876307.0,1583704680.0,1583704740.0,1.135035,1.13535,1.134915,1.135515,150.0
876308.0,1583704740.0,1583704800.0,1.135375,1.135085,1.134825,1.13573,129.0
876309.0,1583704800.0,1583704860.0,1.13485,1.13493,1.134685,1.135375,214.0
876310.0,1583704860.0,1583704920.0,1.134805,1.13504,1.134685,1.135225,210.0
876311.0,1583704920.0,1583704980.0,1.135095,1.135075,1.134775,1.135265,218.0
876312.0,1583704980.0,1583705040.0,1.13503,1.134535,1.134285,1.13518,189.0
876313.0,1583705040.0,1583705100.0,1.1345,1.13449,1.13435,1.13483,185.0
876314.0,1583705100.0,1583705160.0,1.13466,1.13469,1.134375,1.13496,194.0
876315.0,1583705160.0,1583705220.0,1.134765,1.134685,1.13446,1.135065,191.0
876316.0,1583705220.0,1583705280.0,1.1346,1.134935,1.134545,1.135125,185.0
876317.0,1583705280.0,1583705340.0,1.134985,1.13494,1.13462,1.134985,200.0
876318.0,1583705340.0,1583705400.0,1.13495,1.13511,1.134855,1.13519,206.0
876319.0,1583705400.0,1583705460.0,1.13515,1.134735,1.13468,1.135205,195.0
876320.0,1583705460.0,1583705520.0,1.13474,1.134695,1.134545,1.13474,161.0
876321.0,1583705520.0,1583705580.0,1.134705,1.13517,1.134515,1.135225,184.0
876322.0,1583705580.0,1583705640.0,1.13516,1.135355,1.13514,1.135405,192.0
876323.0,1583705640.0,1583705700.0,1.13535,1.13537,1.13526,1.13565,177.0
876324.0,1583705700.0,1583705760.0,1.135365,1.13536,1.13529,1.13559,169.0
876325.0,1583705760.0,1583705820.0,1.135355,1.134845,1.134835,1.13543,176.0
876326.0,1583705820.0,1583705880.0,1.13486,1.1347,1.134635,1.134915,197.0
876327.0,1583705880.0,1583705940.0,1.13472,1.134475,1.134445,1.134725,172.0
876328.0,1583705940.0,1583706000.0,1.134465,1.13447,1.13442,1.13478,192.0
876329.0,1583706000.0,1583706060.0,1.13448,1.135065,1.13448,1.135105,191.0
876330.0,1583706060.0,1583706120.0,1.13506,1.13441,1.13423,1.13508,196.0
876331.0,1583706120.0,1583706180.0,1.13442,1.13418,1.13401,1.134455,200.0
876332.0,1583706180.0,1583706240.0,1.134175,1.13459,1.134175,1.134775,197.0
876333.0,1583706240.0,1583706300.0,1.13458,1.134935,1.134515,1.134955,180.0
876334.0,1583706300.0,1583706360.0,1.134945,1.13514,1.134915,1.135175,207.0
876335.0,1583706360.0,1583706420.0,1.135135,1.135035,1.13485,1.13516,190.0
876336.0,1583706420.0,1583706480.0,1.13505,1.13521,1.134875,1.13525,200.0
876337.0,1583706480.0,1583706540.0,1.135135,1.13456,1.13456,1.135135,195.0
876338.0,1583706540.0,1583706600.0,1.13455,1.134835,1.134395,1.13502,180.0
876339.0,1583706600.0,1583706660.0,1.134845,1.13469,1.134645,1.13506,182.0
876340.0,1583706660.0,1583706720.0,1.134675,1.135115,1.134645,1.135205,180.0
876341.0,1583706720.0,1583706780.0,1.13509,1.13501,1.134725,1.13524,215.0
876342.0,1583706780.0,1583706840.0,1.135,1.13567,1.13497,1.135695,206.0
876343.0,1583706840.0,1583706900.0,1.13565,1.13588,1.13536,1.13591,213.0
876344.0,1583706900.0,1583706960.0,1.135865,1.135875,1.13574,1.135895,175.0
876345.0,1583706960.0,1583707020.0,1.135885,1.13598,1.13583,1.13602,186.0
876346.0,1583707020.0,1583707080.0,1.135975,1.13596,1.135935,1.136045,179.0
876347.0,1583707080.0,1583707140.0,1.13595,1.13625,1.135915,1.1365,212.0
876348.0,1583707140.0,1583707200.0,1.136245,1.13644,1.136235,1.13645,182.0
876349.0,1583707200.0,1583707260.0,1.13645,1.13649,1.13624,1.136495,177.0
876350.0,1583707260.0,1583707320.0,1.1365,1.1368,1.13643,1.1368,189.0
876351.0,1583707320.0,1583707380.0,1.13681,1.137395,1.1368,1.137735,223.0
876352.0,1583707380.0,1583707440.0,1.137385,1.13758,1.137255,1.137655,205.0
876353.0,1583707440.0,1583707500.0,1.137575,1.13821,1.137575,1.13825,206.0
876354.0,1583707500.0,1583707560.0,1.138205,1.13872,1.13818,1.138815,180.0
876355.0,1583707560.0,1583707620.0,1.13873,1.1385,1.13826,1.138805,206.0
876356.0,1583707620.0,1583707680.0,1.138505,1.1388,1.1385,1.1388,173.0
876357.0,1583707680.0,1583707740.0,1.138805,1.138595,1.13859,1.138875,179.0
876358.0,1583707740.0,1583707800.0,1.13858,1.138995,1.13856,1.139005,191.0
876359.0,1583707800.0,1583707860.0,1.138985,1.13939,1.13898,1.139455,223.0
876360.0,1583707860.0,1583707920.0,1.1394,1.13941,1.139155,1.139415,221.0
876361.0,1583707920.0,1583707980.0,1.1394,1.138885,1.13886,1.139445,216.0
876362.0,1583707980.0,1583708040.0,1.1389,1.13917,1.138875,1.13926,219.0
876363.0,1583708040.0,1583708100.0,1.13918,1.138415,1.138415,1.13918,225.0
876364.0,1583708100.0,1583708160.0,1.138405,1.137945,1.137715,1.13847,214.0
876365.0,1583708160.0,1583708220.0,1.13794,1.137065,1.13697,1.137965,218.0
876366.0,1583708220.0,1583708280.0,1.137005,1.13759,1.136905,1.137645,225.0
876367.0,1583708280.0,1583708340.0,1.13762,1.137905,1.137425,1.13799,204.0
876368.0,1583708340.0,1583708400.0,1.137895,1.1387,1.137785,1.138805,194.0
876369.0,1583708400.0,1583708460.0,1.138705,1.138325,1.1383,1.13877,233.0
876370.0,1583708460.0,1583708520.0,1.13833,1.138205,1.137965,1.13837,220.0
876371.0,1583708520.0,1583708580.0,1.13825,1.138215,1.138215,1.138945,230.0
876372.0,1583708580.0,1583708640.0,1.138205,1.13841,1.13813,1.138445,210.0
876373.0,1583708640.0,1583708700.0,1.138405,1.13838,1.13812,1.138655,186.0
876374.0,1583708700.0,1583708760.0,1.138375,1.13803,1.13794,1.13844,179.0
876375.0,1583708760.0,1583708820.0,1.13805,1.137585,1.137565,1.138195,226.0
876376.0,1583708820.0,1583708880.0,1.137615,1.138125,1.137615,1.138175,207.0
876377.0,1583708880.0,1583708940.0,1.13812,1.137695,1.137675,1.13815,211.0
876378.0,1583708940.0,1583709000.0,1.137715,1.13743,1.137425,1.137895,192.0
876379.0,1583709000.0,1583709060.0,1.137435,1.13704,1.136975,1.137535,204.0
876380.0,1583709060.0,1583709120.0,1.13703,1.137495,1.13678,1.1375,223.0
876381.0,1583709120.0,1583709180.0,1.13748,1.136705,1.136705,1.13768,189.0
876382.0,1583709180.0,1583709240.0,1.13671,1.13706,1.1367,1.137225,198.0
876383.0,1583709240.0,1583709300.0,1.137045,1.13751,1.13677,1.137595,228.0
876384.0,1583709300.0,1583709360.0,1.13746,1.137265,1.137265,1.13765,220.0
876385.0,1583709360.0,1583709420.0,1.13731,1.13731,1.137085,1.137455,186.0
876386.0,1583709420.0,1583709480.0,1.13731,1.137285,1.13702,1.13733,176.0
876387.0,1583709480.0,1583709540.0,1.137275,1.137185,1.137065,1.137275,144.0
876388.0,1583709540.0,1583709600.0,1.13718,1.1372,1.1371,1.13721,180.0
876389.0,1583709600.0,1583709660.0,1.137185,1.137375,1.137175,1.137515,169.0
876390.0,1583709660.0,1583709720.0,1.137365,1.137585,1.13734,1.13764,190.0
876391.0,1583709720.0,1583709780.0,1.13758,1.13817,1.13735,1.13817,191.0
876392.0,1583709780.0,1583709840.0,1.138165,1.137965,1.13794,1.138255,190.0
876393.0,1583709840.0,1583709900.0,1.13797,1.13828,1.137885,1.13828,209.0
876394.0,1583709900.0,1583709960.0,1.13827,1.138245,1.13817,1.1385,193.0
876395.0,1583709960.0,1583710020.0,1.13824,1.138405,1.13824,1.138515,167.0
876396.0,1583710020.0,1583710080.0,1.1384,1.138535,1.13832,1.13865,205.0
876397.0,1583710080.0,1583710140.0,1.13852,1.138345,1.13833,1.138615,171.0
876398.0,1583710140.0,1583710200.0,1.13834,1.13856,1.13827,1.138735,214.0
876399.0,1583710200.0,1583710260.0,1.138575,1.13839,1.138155,1.13858,186.0
876400.0,1583710260.0,1583710320.0,1.1384,1.13854,1.138295,1.138545,188.0
876401.0,1583710320.0,1583710380.0,1.138535,1.138715,1.138535,1.13886,177.0
876402.0,1583710380.0,1583710440.0,1.138725,1.13894,1.138685,1.138975,162.0
876403.0,1583710440.0,1583710500.0,1.138905,1.13928,1.13885,1.139285,175.0
876404.0,1583710500.0,1583710560.0,1.139285,1.13925,1.139185,1.139405,202.0
876405.0,1583710560.0,1583710620.0,1.13926,1.13905,1.13901,1.1393,163.0
876406.0,1583710620.0,1583710680.0,1.139055,1.139195,1.139035,1.13922,135.0
876407.0,1583710680.0,1583710740.0,1.1392,1.139335,1.139185,1.139625,161.0
876408.0,1583710740.0,1583710800.0,1.139345,1.13882,1.13879,1.13935,227.0
876409.0,1583710800.0,1583710860.0,1.138805,1.13866,1.138565,1.139035,180.0
876410.0,1583710860.0,1583710920.0,1.13864,1.13836,1.13829,1.138665,209.0
876411.0,1583710920.0,1583710980.0,1.13836,1.13837,1.13805,1.13852,165.0
876412.0,1583710980.0,1583711040.0,1.13836,1.138375,1.13817,1.13861,212.0
876413.0,1583711040.0,1583711100.0,1.138385,1.13848,1.13819,1.13857,210.0
876414.0,1583711100.0,1583711160.0,1.13853,1.13832,1.13832,1.138615,188.0
876415.0,1583711160.0,1583711220.0,1.138325,1.138715,1.13827,1.138715,212.0
876416.0,1583711220.0,1583711280.0,1.13871,1.13888,1.138495,1.138885,198.0
876417.0,1583711280.0,1583711340.0,1.138885,1.138945,1.138645,1.138975,212.0
876418.0,1583711340.0,1583711400.0,1.13897,1.13898,1.13881,1.13904,180.0
876419.0,1583711400.0,1583711460.0,1.138905,1.13882,1.13877,1.13891,173.0
876420.0,1583711460.0,1583711520.0,1.138825,1.1389,1.13873,1.138965,159.0
876421.0,1583711520.0,1583711580.0,1.138915,1.13884,1.138815,1.13892,164.0
876422.0,1583711580.0,1583711640.0,1.138845,1.138815,1.138775,1.13889,152.0
876423.0,1583711640.0,1583711700.0,1.138805,1.13881,1.138725,1.138825,157.0
876424.0,1583711700.0,1583711760.0,1.138825,1.138865,1.138785,1.138885,144.0
876425.0,1583711760.0,1583711820.0,1.138855,1.138765,1.138735,1.138885,168.0
876426.0,1583711820.0,1583711880.0,1.13877,1.13861,1.138585,1.13879,131.0
876427.0,1583711880.0,1583711940.0,1.138615,1.138595,1.138485,1.13862,153.0
876428.0,1583711940.0,1583712000.0,1.13859,1.138785,1.13855,1.13879,133.0
876429.0,1583712000.0,1583712060.0,1.13878,1.138555,1.13846,1.138785,161.0
876430.0,1583712060.0,1583712120.0,1.138545,1.13839,1.13838,1.1387,166.0
876431.0,1583712120.0,1583712180.0,1.1384,1.138275,1.138255,1.138505,179.0
876432.0,1583712180.0,1583712240.0,1.138285,1.13784,1.13739,1.138295,201.0
876433.0,1583712240.0,1583712300.0,1.13783,1.13797,1.13782,1.13841,200.0
876434.0,1583712300.0,1583712360.0,1.137965,1.13774,1.13752,1.138035,188.0
876435.0,1583712360.0,1583712420.0,1.137745,1.137255,1.137135,1.13776,195.0
876436.0,1583712420.0,1583712480.0,1.137245,1.1372,1.137185,1.137395,172.0
876437.0,1583712480.0,1583712540.0,1.137195,1.13735,1.13698,1.13735,188.0
876438.0,1583712540.0,1583712600.0,1.137345,1.1374,1.137345,1.137555,182.0
876439.0,1583712600.0,1583712660.0,1.13739,1.13829,1.137345,1.13833,198.0
876440.0,1583712660.0,1583712720.0,1.138285,1.138265,1.138125,1.13839,173.0
876441.0,1583712720.0,1583712780.0,1.13827,1.138375,1.13823,1.138445,170.0
876442.0,1583712780.0,1583712840.0,1.13835,1.13813,1.13808,1.13835,139.0
876443.0,1583712840.0,1583712900.0,1.138125,1.138365,1.137915,1.13845,186.0
876444.0,1583712900.0,1583712960.0,1.13836,1.137985,1.137835,1.13836,201.0
876445.0,1583712960.0,1583713020.0,1.137965,1.137885,1.13762,1.13808,199.0
876446.0,1583713020.0,1583713080.0,1.13788,1.13769,1.13769,1.138175,203.0
876447.0,1583713080.0,1583713140.0,1.137685,1.13754,1.13749,1.1379,201.0
876448.0,1583713140.0,1583713200.0,1.13755,1.13765,1.137515,1.137715,173.0
876449.0,1583713200.0,1583713260.0,1.137645,1.137985,1.13762,1.138055,174.0
876450.0,1583713260.0,1583713320.0,1.13798,1.138485,1.137945,1.138525,186.0
876451.0,1583713320.0,1583713380.0,1.13849,1.138055,1.138055,1.1385,162.0
876452.0,1583713380.0,1583713440.0,1.13804,1.13796,1.137955,1.138175,148.0
876453.0,1583713440.0,1583713500.0,1.137955,1.13795,1.1379,1.13798,120.0
876454.0,1583713500.0,1583713560.0,1.137955,1.13781,1.13779,1.137955,151.0
876455.0,1583713560.0,1583713620.0,1.137805,1.137775,1.137775,1.137825,111.0
876456.0,1583713620.0,1583713680.0,1.137395,1.136965,1.13689,1.1374,204.0
876457.0,1583713680.0,1583713740.0,1.13697,1.13717,1.136905,1.137315,203.0
876458.0,1583713740.0,1583713800.0,1.13718,1.13694,1.136855,1.13721,170.0
876459.0,1583713800.0,1583713860.0,1.13692,1.13669,1.136675,1.13707,174.0
876460.0,1583713860.0,1583713920.0,1.136705,1.136805,1.136365,1.13684,192.0
876461.0,1583713920.0,1583713980.0,1.136815,1.13688,1.13668,1.13692,163.0
876462.0,1583713980.0,1583714040.0,1.13686,1.13699,1.13676,1.137,202.0
876463.0,1583714040.0,1583714100.0,1.136985,1.136885,1.13686,1.137055,172.0
876464.0,1583714100.0,1583714160.0,1.13687,1.137205,1.136865,1.13722,163.0
876465.0,1583714160.0,1583714220.0,1.1372,1.13716,1.137125,1.137275,142.0
876466.0,1583714220.0,1583714280.0,1.137165,1.137195,1.137,1.137235,163.0
876467.0,1583714280.0,1583714340.0,1.137215,1.137065,1.136995,1.137215,176.0
876468.0,1583714340.0,1583714400.0,1.137065,1.13708,1.13703,1.137195,153.0
876469.0,1583714400.0,1583714460.0,1.137085,1.136965,1.136855,1.137095,122.0
876470.0,1583714460.0,1583714520.0,1.13697,1.136945,1.136865,1.13702,174.0
876471.0,1583714520.0,1583714580.0,1.13694,1.136565,1.13653,1.137035,204.0
876472.0,1583714580.0,1583714640.0,1.13656,1.13666,1.136545,1.13677,177.0
876473.0,1583714640.0,1583714700.0,1.13667,1.136575,1.136505,1.136985,184.0
876474.0,1583714700.0,1583714760.0,1.13659,1.13645,1.13644,1.136725,145.0
876475.0,1583714760.0,1583714820.0,1.136445,1.136475,1.136335,1.13653,175.0
876476.0,1583714820.0,1583714880.0,1.13648,1.13649,1.13633,1.136535,148.0
876477.0,1583714880.0,1583714940.0,1.136495,1.136485,1.136445,1.136515,145.0
876478.0,1583714940.0,1583715000.0,1.13648,1.136445,1.13641,1.1365,137.0
876479.0,1583715000.0,1583715060.0,1.136455,1.136355,1.13634,1.136455,139.0
876480.0,1583715060.0,1583715120.0,1.13635,1.136345,1.13633,1.136475,154.0
876481.0,1583715120.0,1583715180.0,1.13633,1.136295,1.136215,1.13633,197.0
876482.0,1583715180.0,1583715240.0,1.136305,1.136195,1.13619,1.13632,152.0
876483.0,1583715240.0,1583715300.0,1.13619,1.13606,1.136025,1.136235,196.0
876484.0,1583715300.0,1583715360.0,1.13605,1.136095,1.13602,1.13625,177.0
876485.0,1583715360.0,1583715420.0,1.136105,1.13614,1.13608,1.1362,155.0
876486.0,1583715420.0,1583715480.0,1.13615,1.135975,1.135925,1.13616,175.0
876487.0,1583715480.0,1583715540.0,1.135965,1.135925,1.135915,1.13604,175.0
876488.0,1583715540.0,1583715600.0,1.135935,1.13599,1.13593,1.13606,166.0
876489.0,1583715600.0,1583715660.0,1.135985,1.135765,1.13566,1.13604,206.0
876490.0,1583715660.0,1583715720.0,1.135755,1.13584,1.135635,1.135935,179.0
876491.0,1583715720.0,1583715780.0,1.135845,1.135855,1.135825,1.135945,168.0
876492.0,1583715780.0,1583715840.0,1.13586,1.135875,1.135605,1.135875,178.0
876493.0,1583715840.0,1583715900.0,1.135885,1.13597,1.13586,1.13602,163.0
876494.0,1583715900.0,1583715960.0,1.135975,1.136045,1.135965,1.136175,173.0
876495.0,1583715960.0,1583716020.0,1.13605,1.13617,1.135975,1.136195,174.0
876496.0,1583716020.0,1583716080.0,1.136175,1.136215,1.136155,1.13635,176.0
876497.0,1583716080.0,1583716140.0,1.136225,1.1363,1.13621,1.136395,163.0
876498.0,1583716140.0,1583716200.0,1.136295,1.136425,1.136275,1.136425,176.0
876499.0,1583716200.0,1583716260.0,1.13642,1.136935,1.136405,1.137045,189.0
876500.0,1583716260.0,1583716320.0,1.136955,1.136575,1.136575,1.136975,174.0
876501.0,1583716320.0,1583716380.0,1.136585,1.136725,1.13655,1.13694,175.0
876502.0,1583716380.0,1583716440.0,1.136715,1.136645,1.136565,1.136815,157.0
876503.0,1583716440.0,1583716500.0,1.13664,1.13673,1.136595,1.136825,158.0
876504.0,1583716500.0,1583716560.0,1.136735,1.136885,1.136705,1.1369,151.0
876505.0,1583716560.0,1583716620.0,1.136875,1.136995,1.13687,1.136995,139.0
876506.0,1583716620.0,1583716680.0,1.13699,1.13745,1.13699,1.137465,202.0
876507.0,1583716680.0,1583716740.0,1.137455,1.13787,1.137325,1.13789,180.0
876508.0,1583716740.0,1583716800.0,1.13785,1.13783,1.137785,1.13808,197.0
876509.0,1583716800.0,1583716860.0,1.137825,1.13795,1.13778,1.138015,187.0
876510.0,1583716860.0,1583716920.0,1.13793,1.137945,1.13791,1.138035,175.0
876511.0,1583716920.0,1583716980.0,1.13794,1.13815,1.137865,1.13815,175.0
876512.0,1583716980.0,1583717040.0,1.138145,1.138375,1.13812,1.138405,163.0
876513.0,1583717040.0,1583717100.0,1.13838,1.138495,1.138365,1.138515,178.0
876514.0,1583717100.0,1583717160.0,1.13849,1.138315,1.138235,1.1385,157.0
876515.0,1583717160.0,1583717220.0,1.13831,1.13845,1.13831,1.138465,154.0
876516.0,1583717220.0,1583717280.0,1.138455,1.138305,1.138305,1.138585,163.0
876517.0,1583717280.0,1583717340.0,1.13832,1.13815,1.13806,1.13833,193.0
876518.0,1583717340.0,1583717400.0,1.13814,1.13794,1.137885,1.13817,188.0
876519.0,1583717400.0,1583717460.0,1.137935,1.13786,1.137505,1.137955,197.0
876520.0,1583717460.0,1583717520.0,1.137945,1.137995,1.13784,1.138235,215.0
876521.0,1583717520.0,1583717580.0,1.137985,1.137945,1.13794,1.138175,175.0
876522.0,1583717580.0,1583717640.0,1.13796,1.138025,1.13793,1.138155,188.0
876523.0,1583717640.0,1583717700.0,1.13803,1.13824,1.13797,1.13824,181.0
876524.0,1583717700.0,1583717760.0,1.138235,1.138485,1.13803,1.13862,217.0
876525.0,1583717760.0,1583717820.0,1.13848,1.13842,1.13839,1.1385,162.0
876526.0,1583717820.0,1583717880.0,1.13841,1.138595,1.13827,1.13867,205.0
876527.0,1583717880.0,1583717940.0,1.138575,1.138625,1.13851,1.138675,174.0
876528.0,1583717940.0,1583718000.0,1.138635,1.138395,1.138295,1.138655,189.0
876529.0,1583718000.0,1583718060.0,1.13838,1.138945,1.138375,1.139005,195.0
876530.0,1583718060.0,1583718120.0,1.13895,1.139005,1.13886,1.13901,210.0
876531.0,1583718120.0,1583718180.0,1.139025,1.13897,1.138765,1.13933,274.0
876532.0,1583718180.0,1583718240.0,1.138965,1.13912,1.13894,1.139305,238.0
876533.0,1583718240.0,1583718300.0,1.13911,1.13995,1.13909,1.13995,229.0
876534.0,1583718300.0,1583718360.0,1.13996,1.13998,1.139865,1.140015,236.0
876535.0,1583718360.0,1583718420.0,1.13997,1.139865,1.13979,1.13999,213.0
876536.0,1583718420.0,1583718480.0,1.139855,1.139955,1.13976,1.14001,244.0
876537.0,1583718480.0,1583718540.0,1.13996,1.139945,1.139755,1.13999,241.0
876538.0,1583718540.0,1583718600.0,1.13995,1.14623,1.139935,1.1464,285.0
876539.0,1583718600.0,1583718660.0,1.1467,1.14428,1.14428,1.149715,271.0
876540.0,1583718660.0,1583718720.0,1.14412,1.144175,1.14079,1.144305,259.0
876541.0,1583718720.0,1583718780.0,1.144375,1.143715,1.143525,1.146845,256.0
876542.0,1583718780.0,1583718840.0,1.1437,1.14561,1.143,1.14624,262.0
876543.0,1583718840.0,1583718900.0,1.145915,1.143435,1.14328,1.145915,252.0
876544.0,1583718900.0,1583718960.0,1.143495,1.14387,1.142355,1.14388,252.0
876545.0,1583718960.0,1583719020.0,1.14384,1.143945,1.14345,1.14415,215.0
876546.0,1583719020.0,1583719080.0,1.144,1.143895,1.143635,1.14473,228.0
876547.0,1583719080.0,1583719140.0,1.14393,1.14293,1.142905,1.14431,249.0
876548.0,1583719140.0,1583719200.0,1.142915,1.142825,1.142425,1.14388,236.0
876549.0,1583719200.0,1583719260.0,1.142835,1.14334,1.1427,1.143745,242.0
876550.0,1583719260.0,1583719320.0,1.14329,1.142155,1.14208,1.14339,266.0
876551.0,1583719320.0,1583719380.0,1.142215,1.142415,1.14148,1.142555,258.0
876552.0,1583719380.0,1583719440.0,1.142425,1.142855,1.142425,1.143155,228.0
876553.0,1583719440.0,1583719500.0,1.142845,1.14345,1.14276,1.14361,241.0
876554.0,1583719500.0,1583719560.0,1.143435,1.142775,1.14261,1.143445,247.0
876555.0,1583719560.0,1583719620.0,1.14279,1.14295,1.14257,1.14329,245.0
876556.0,1583719620.0,1583719680.0,1.14294,1.14278,1.14278,1.14321,243.0
876557.0,1583719680.0,1583719740.0,1.14279,1.14299,1.142445,1.143305,233.0
876558.0,1583719740.0,1583719800.0,1.142995,1.14314,1.14234,1.143175,246.0
876559.0,1583719800.0,1583719860.0,1.143125,1.142805,1.142805,1.14347,236.0
876560.0,1583719860.0,1583719920.0,1.142785,1.14291,1.14237,1.14306,226.0
876561.0,1583719920.0,1583719980.0,1.14292,1.142985,1.14292,1.143305,223.0
876562.0,1583719980.0,1583720040.0,1.142995,1.14413,1.142905,1.144145,244.0
876563.0,1583720040.0,1583720100.0,1.14417,1.145805,1.14417,1.146115,253.0
876564.0,1583720100.0,1583720160.0,1.145775,1.14514,1.144645,1.14594,255.0
876565.0,1583720160.0,1583720220.0,1.145145,1.14581,1.145115,1.14605,250.0
876566.0,1583720220.0,1583720280.0,1.145825,1.144955,1.144925,1.14585,237.0
876567.0,1583720280.0,1583720340.0,1.14497,1.144135,1.144015,1.14511,244.0
876568.0,1583720340.0,1583720400.0,1.14415,1.143865,1.143715,1.14422,239.0
876569.0,1583720400.0,1583720460.0,1.143885,1.14401,1.143625,1.14469,233.0
876570.0,1583720460.0,1583720520.0,1.14402,1.144135,1.14356,1.144395,228.0
876571.0,1583720520.0,1583720580.0,1.144105,1.143495,1.143435,1.14427,233.0
876572.0,1583720580.0,1583720640.0,1.14348,1.143275,1.14305,1.14363,235.0
876573.0,1583720640.0,1583720700.0,1.14328,1.143725,1.14324,1.14381,215.0
876574.0,1583720700.0,1583720760.0,1.14373,1.143165,1.14307,1.143755,225.0
876575.0,1583720760.0,1583720820.0,1.143155,1.14356,1.142875,1.14363,205.0
876576.0,1583720820.0,1583720880.0,1.143565,1.142505,1.142505,1.143805,232.0
876577.0,1583720880.0,1583720940.0,1.142495,1.142825,1.1422,1.14308,233.0
876578.0,1583720940.0,1583721000.0,1.14284,1.142895,1.142275,1.142995,209.0
876579.0,1583721000.0,1583721060.0,1.142905,1.143375,1.14259,1.143395,226.0
876580.0,1583721060.0,1583721120.0,1.14337,1.142675,1.14256,1.1435,207.0
876581.0,1583721120.0,1583721180.0,1.142655,1.142955,1.142455,1.143455,213.0
876582.0,1583721180.0,1583721240.0,1.14296,1.14329,1.14292,1.143345,173.0
876583.0,1583721240.0,1583721300.0,1.14327,1.14362,1.142995,1.14386,206.0
876584.0,1583721300.0,1583721360.0,1.14358,1.1427,1.142615,1.14363,239.0
876585.0,1583721360.0,1583721420.0,1.14271,1.14279,1.142635,1.14289,220.0
876586.0,1583721420.0,1583721480.0,1.142795,1.14223,1.1422,1.14285,199.0
876587.0,1583721480.0,1583721540.0,1.14227,1.142425,1.142205,1.142725,214.0
876588.0,1583721540.0,1583721600.0,1.14242,1.141785,1.141785,1.142705,227.0
876589.0,1583721600.0,1583721660.0,1.14176,1.141705,1.141495,1.141975,235.0
876590.0,1583721660.0,1583721720.0,1.14169,1.14167,1.141525,1.142,228.0
876591.0,1583721720.0,1583721780.0,1.141685,1.14205,1.141635,1.142305,219.0
876592.0,1583721780.0,1583721840.0,1.14206,1.141885,1.14166,1.142325,210.0
876593.0,1583721840.0,1583721900.0,1.141895,1.141675,1.1416,1.142185,197.0
876594.0,1583721900.0,1583721960.0,1.14167,1.141535,1.141395,1.141815,197.0
876595.0,1583721960.0,1583722020.0,1.14152,1.14128,1.141195,1.141565,210.0
876596.0,1583722020.0,1583722080.0,1.14129,1.14135,1.141105,1.141385,205.0
876597.0,1583722080.0,1583722140.0,1.141345,1.140605,1.140605,1.14135,223.0
876598.0,1583722140.0,1583722200.0,1.140565,1.140545,1.140445,1.14075,223.0
876599.0,1583722200.0,1583722260.0,1.140525,1.14037,1.140255,1.140625,228.0
876600.0,1583722260.0,1583722320.0,1.140355,1.14024,1.14015,1.14042,220.0
876601.0,1583722320.0,1583722380.0,1.14023,1.139685,1.139565,1.140275,233.0
876602.0,1583722380.0,1583722440.0,1.13968,1.139805,1.139625,1.140325,247.0
876603.0,1583722440.0,1583722500.0,1.139815,1.1396,1.139515,1.1399,224.0
876604.0,1583722500.0,1583722560.0,1.139615,1.139345,1.139245,1.139855,223.0
876605.0,1583722560.0,1583722620.0,1.139375,1.1389,1.138825,1.13952,222.0
876606.0,1583722620.0,1583722680.0,1.13893,1.138915,1.138805,1.13923,228.0
876607.0,1583722680.0,1583722740.0,1.13893,1.13928,1.138635,1.13928,237.0
876608.0,1583722740.0,1583722800.0,1.13929,1.13977,1.139265,1.13978,242.0
876609.0,1583722800.0,1583722860.0,1.139775,1.139695,1.13953,1.139945,217.0
876610.0,1583722860.0,1583722920.0,1.13969,1.13992,1.13969,1.140205,197.0
876611.0,1583722920.0,1583722980.0,1.139945,1.139855,1.139795,1.13999,199.0
876612.0,1583722980.0,1583723040.0,1.13986,1.139895,1.139755,1.140025,203.0
876613.0,1583723040.0,1583723100.0,1.139875,1.13985,1.138885,1.139925,236.0
876614.0,1583723100.0,1583723160.0,1.13986,1.13958,1.139545,1.139985,215.0
876615.0,1583723160.0,1583723220.0,1.13961,1.139295,1.1391,1.139915,233.0
876616.0,1583723220.0,1583723280.0,1.139305,1.139025,1.13901,1.139635,244.0
876617.0,1583723280.0,1583723340.0,1.13904,1.139075,1.13899,1.13928,214.0
876618.0,1583723340.0,1583723400.0,1.13908,1.1393,1.13903,1.139415,197.0
876619.0,1583723400.0,1583723460.0,1.13931,1.139375,1.13913,1.13948,238.0
876620.0,1583723460.0,1583723520.0,1.13937,1.139225,1.139145,1.139465,224.0
876621.0,1583723520.0,1583723580.0,1.139195,1.139245,1.139135,1.139375,207.0
876622.0,1583723580.0,1583723640.0,1.139255,1.138785,1.138675,1.13927,234.0
876623.0,1583723640.0,1583723700.0,1.13878,1.13876,1.138675,1.138955,215.0
876624.0,1583723700.0,1583723760.0,1.138745,1.138855,1.1386,1.138895,215.0
876625.0,1583723760.0,1583723820.0,1.13882,1.13872,1.13872,1.1389,188.0
876626.0,1583723820.0,1583723880.0,1.138715,1.1389,1.13844,1.138975,211.0
876627.0,1583723880.0,1583723940.0,1.138915,1.1384,1.13839,1.13894,218.0
876628.0,1583723940.0,1583724000.0,1.138395,1.137835,1.137615,1.138395,221.0
876629.0,1583724000.0,1583724060.0,1.137865,1.137425,1.13742,1.137925,218.0
876630.0,1583724060.0,1583724120.0,1.13743,1.13745,1.137395,1.137565,233.0
876631.0,1583724120.0,1583724180.0,1.137455,1.13725,1.137195,1.1376,210.0
876632.0,1583724180.0,1583724240.0,1.13723,1.13869,1.13716,1.13869,215.0
876633.0,1583724240.0,1583724300.0,1.138655,1.13876,1.13778,1.138975,261.0
876634.0,1583724300.0,1583724360.0,1.1387,1.13856,1.138265,1.138805,223.0
876635.0,1583724360.0,1583724420.0,1.13855,1.13859,1.138475,1.138725,189.0
876636.0,1583724420.0,1583724480.0,1.138545,1.138255,1.138045,1.138615,209.0
876637.0,1583724480.0,1583724540.0,1.13824,1.138165,1.137735,1.138265,217.0
876638.0,1583724540.0,1583724600.0,1.13818,1.137555,1.13709,1.13823,219.0
876639.0,1583724600.0,1583724660.0,1.13759,1.137875,1.137405,1.13794,223.0
876640.0,1583724660.0,1583724720.0,1.137865,1.13798,1.13779,1.13811,220.0
876641.0,1583724720.0,1583724780.0,1.13796,1.137955,1.13788,1.138175,223.0
876642.0,1583724780.0,1583724840.0,1.13793,1.13823,1.13793,1.138245,202.0
876643.0,1583724840.0,1583724900.0,1.138195,1.13955,1.138195,1.139585,244.0
876644.0,1583724900.0,1583724960.0,1.139555,1.138845,1.13841,1.13968,220.0
876645.0,1583724960.0,1583725020.0,1.13883,1.13942,1.13883,1.139835,224.0
876646.0,1583725020.0,1583725080.0,1.139475,1.13929,1.139195,1.13952,226.0
876647.0,1583725080.0,1583725140.0,1.139325,1.139625,1.13923,1.139715,208.0
876648.0,1583725140.0,1583725200.0,1.139645,1.13996,1.139575,1.139985,212.0
876649.0,1583725200.0,1583725260.0,1.139955,1.140215,1.139905,1.14029,218.0
876650.0,1583725260.0,1583725320.0,1.140205,1.14077,1.14018,1.14081,199.0
876651.0,1583725320.0,1583725380.0,1.140785,1.141025,1.14035,1.141145,248.0
876652.0,1583725380.0,1583725440.0,1.14103,1.14118,1.140755,1.14125,214.0
876653.0,1583725440.0,1583725500.0,1.141185,1.14092,1.140745,1.141185,192.0
876654.0,1583725500.0,1583725560.0,1.140905,1.14172,1.140865,1.14172,247.0
876655.0,1583725560.0,1583725620.0,1.141745,1.14207,1.141625,1.14207,231.0
876656.0,1583725620.0,1583725680.0,1.142075,1.142495,1.14204,1.14258,206.0
876657.0,1583725680.0,1583725740.0,1.142485,1.142165,1.14176,1.142555,234.0
876658.0,1583725740.0,1583725800.0,1.142175,1.14239,1.142155,1.142745,235.0
876659.0,1583725800.0,1583725860.0,1.142395,1.142175,1.14163,1.142615,238.0
876660.0,1583725860.0,1583725920.0,1.142165,1.14195,1.14189,1.14232,212.0
876661.0,1583725920.0,1583725980.0,1.141955,1.141135,1.14105,1.142035,207.0
876662.0,1583725980.0,1583726040.0,1.14113,1.140305,1.140165,1.14122,234.0
876663.0,1583726040.0,1583726100.0,1.140285,1.140895,1.140205,1.140925,234.0
876664.0,1583726100.0,1583726160.0,1.14095,1.14032,1.140155,1.14095,229.0
876665.0,1583726160.0,1583726220.0,1.14029,1.141535,1.14028,1.142065,221.0
876666.0,1583726220.0,1583726280.0,1.14153,1.141385,1.141285,1.141545,223.0
876667.0,1583726280.0,1583726340.0,1.14138,1.141055,1.140825,1.141575,221.0
876668.0,1583726340.0,1583726400.0,1.14106,1.141665,1.14106,1.14176,186.0
876669.0,1583726400.0,1583726460.0,1.141675,1.141285,1.141075,1.141685,205.0
876670.0,1583726460.0,1583726520.0,1.141295,1.14123,1.14117,1.14166,207.0
876671.0,1583726520.0,1583726580.0,1.141215,1.141115,1.140265,1.14124,235.0
876672.0,1583726580.0,1583726640.0,1.141265,1.140505,1.140405,1.1413,216.0
876673.0,1583726640.0,1583726700.0,1.140535,1.14171,1.140525,1.141865,209.0
876674.0,1583726700.0,1583726760.0,1.141725,1.141105,1.14108,1.141755,214.0
876675.0,1583726760.0,1583726820.0,1.141095,1.14186,1.140935,1.141925,230.0
876676.0,1583726820.0,1583726880.0,1.141855,1.14197,1.14182,1.14231,227.0
876677.0,1583726880.0,1583726940.0,1.141945,1.14184,1.14162,1.14235,224.0
876678.0,1583726940.0,1583727000.0,1.141855,1.141815,1.141175,1.141935,233.0
876679.0,1583727000.0,1583727060.0,1.1418,1.14139,1.14139,1.14222,213.0
876680.0,1583727060.0,1583727120.0,1.14138,1.14181,1.14112,1.141835,244.0
876681.0,1583727120.0,1583727180.0,1.141775,1.141755,1.141645,1.141985,223.0
876682.0,1583727180.0,1583727240.0,1.14175,1.141945,1.14171,1.142065,170.0
876683.0,1583727240.0,1583727300.0,1.14195,1.14173,1.141715,1.14216,201.0
876684.0,1583727300.0,1583727360.0,1.14172,1.141775,1.141605,1.14184,228.0
876685.0,1583727360.0,1583727420.0,1.141835,1.14172,1.14161,1.14214,214.0
876686.0,1583727420.0,1583727480.0,1.141725,1.14136,1.14131,1.141725,205.0
876687.0,1583727480.0,1583727540.0,1.14137,1.141325,1.14126,1.14149,203.0
876688.0,1583727540.0,1583727600.0,1.14132,1.141255,1.14117,1.141335,177.0
876689.0,1583727600.0,1583727660.0,1.14126,1.14093,1.1409,1.141265,179.0
876690.0,1583727660.0,1583727720.0,1.14094,1.14107,1.140905,1.14123,164.0
876691.0,1583727720.0,1583727780.0,1.141075,1.14063,1.14057,1.141085,212.0
876692.0,1583727780.0,1583727840.0,1.14065,1.14087,1.14063,1.141065,243.0
876693.0,1583727840.0,1583727900.0,1.140875,1.14045,1.140445,1.14094,211.0
876694.0,1583727900.0,1583727960.0,1.140465,1.140625,1.14028,1.140705,199.0
876695.0,1583727960.0,1583728020.0,1.14063,1.140825,1.1406,1.14086,185.0
876696.0,1583728020.0,1583728080.0,1.14081,1.14024,1.140215,1.14081,199.0
876697.0,1583728080.0,1583728140.0,1.140235,1.14033,1.140185,1.140535,229.0
876698.0,1583728140.0,1583728200.0,1.140325,1.140625,1.14032,1.140625,148.0
876699.0,1583728200.0,1583728260.0,1.14064,1.140805,1.140555,1.140885,193.0
876700.0,1583728260.0,1583728320.0,1.14081,1.140825,1.14058,1.140885,190.0
876701.0,1583728320.0,1583728380.0,1.140815,1.140785,1.14073,1.140835,170.0
876702.0,1583728380.0,1583728440.0,1.140795,1.140855,1.14078,1.140895,179.0
876703.0,1583728440.0,1583728500.0,1.140875,1.140865,1.14084,1.14091,140.0
876704.0,1583728500.0,1583728560.0,1.140855,1.14066,1.14024,1.140855,191.0
876705.0,1583728560.0,1583728620.0,1.140675,1.140865,1.14059,1.14093,198.0
876706.0,1583728620.0,1583728680.0,1.14086,1.140555,1.14054,1.14093,155.0
876707.0,1583728680.0,1583728740.0,1.140545,1.14042,1.14026,1.14055,132.0
876708.0,1583728740.0,1583728800.0,1.140415,1.14036,1.14034,1.14046,162.0
876709.0,1583728800.0,1583728860.0,1.140365,1.14005,1.13997,1.14037,191.0
876710.0,1583728860.0,1583728920.0,1.14003,1.13978,1.139765,1.140075,190.0
876711.0,1583728920.0,1583728980.0,1.139785,1.139945,1.139785,1.14012,183.0
876712.0,1583728980.0,1583729040.0,1.13994,1.140045,1.13992,1.14031,193.0
876713.0,1583729040.0,1583729100.0,1.140035,1.140415,1.14002,1.14049,185.0
876714.0,1583729100.0,1583729160.0,1.140405,1.14026,1.139885,1.14043,203.0
876715.0,1583729160.0,1583729220.0,1.14025,1.140535,1.14024,1.14055,169.0
876716.0,1583729220.0,1583729280.0,1.14053,1.14037,1.140275,1.140625,166.0
876717.0,1583729280.0,1583729340.0,1.14038,1.140275,1.14024,1.140455,174.0
876718.0,1583729340.0,1583729400.0,1.14027,1.14037,1.140245,1.14045,175.0
876719.0,1583729400.0,1583729460.0,1.140365,1.140315,1.140265,1.14042,112.0
876720.0,1583729460.0,1583729520.0,1.140305,1.14046,1.1403,1.14049,158.0
876721.0,1583729520.0,1583729580.0,1.14048,1.14044,1.14038,1.140515,155.0
876722.0,1583729580.0,1583729640.0,1.140455,1.14062,1.14043,1.14071,186.0
876723.0,1583729640.0,1583729700.0,1.14063,1.14085,1.14051,1.140865,181.0
876724.0,1583729700.0,1583729760.0,1.140825,1.140375,1.14035,1.14083,183.0
876725.0,1583729760.0,1583729820.0,1.14037,1.140315,1.14031,1.140545,171.0
876726.0,1583729820.0,1583729880.0,1.14031,1.140355,1.140305,1.140375,173.0
876727.0,1583729880.0,1583729940.0,1.14034,1.140305,1.140295,1.140355,162.0
876728.0,1583729940.0,1583730000.0,1.14032,1.14016,1.140095,1.14041,186.0
876729.0,1583730000.0,1583730060.0,1.140155,1.14031,1.14004,1.14044,202.0
876730.0,1583730060.0,1583730120.0,1.14032,1.14015,1.140075,1.14033,178.0
876731.0,1583730120.0,1583730180.0,1.14014,1.14017,1.14012,1.140175,159.0
876732.0,1583730180.0,1583730240.0,1.140175,1.140505,1.14016,1.140545,166.0
876733.0,1583730240.0,1583730300.0,1.140495,1.14051,1.140495,1.14054,133.0
876734.0,1583730300.0,1583730360.0,1.140515,1.140765,1.14051,1.140795,142.0
876735.0,1583730360.0,1583730420.0,1.14076,1.140645,1.140625,1.140815,123.0
876736.0,1583730420.0,1583730480.0,1.14066,1.140755,1.140625,1.140775,152.0
876737.0,1583730480.0,1583730540.0,1.14076,1.14063,1.140505,1.14076,163.0
876738.0,1583730540.0,1583730600.0,1.140635,1.14145,1.140625,1.141475,179.0
876739.0,1583730600.0,1583730660.0,1.141455,1.142115,1.14145,1.142155,192.0
876740.0,1583730660.0,1583730720.0,1.14211,1.142125,1.142095,1.142285,185.0
876741.0,1583730720.0,1583730780.0,1.14212,1.14211,1.142085,1.14233,172.0
876742.0,1583730780.0,1583730840.0,1.142105,1.142025,1.14198,1.14212,134.0
876743.0,1583730840.0,1583730900.0,1.142035,1.14211,1.14182,1.14218,165.0
876744.0,1583730900.0,1583730960.0,1.142115,1.142025,1.142005,1.14217,152.0
876745.0,1583730960.0,1583731020.0,1.142035,1.142135,1.141745,1.142135,173.0
876746.0,1583731020.0,1583731080.0,1.142225,1.1422,1.141995,1.14237,180.0
876747.0,1583731080.0,1583731140.0,1.14221,1.142335,1.142175,1.142375,182.0
876748.0,1583731140.0,1583731200.0,1.14232,1.142325,1.14229,1.14236,161.0
876749.0,1583731200.0,1583731260.0,1.14232,1.142345,1.14229,1.14248,136.0
876750.0,1583731260.0,1583731320.0,1.142355,1.14222,1.142195,1.142375,142.0
876751.0,1583731320.0,1583731380.0,1.142225,1.14213,1.14212,1.142225,149.0
876752.0,1583731380.0,1583731440.0,1.142135,1.142265,1.142115,1.14235,184.0
876753.0,1583731440.0,1583731500.0,1.142255,1.14224,1.142155,1.14228,145.0
876754.0,1583731500.0,1583731560.0,1.142235,1.14231,1.14222,1.14236,118.0
876755.0,1583731560.0,1583731620.0,1.1423,1.14223,1.14217,1.14234,123.0
876756.0,1583731620.0,1583731680.0,1.142215,1.142035,1.141915,1.14224,174.0
876757.0,1583731680.0,1583731740.0,1.142025,1.14187,1.141785,1.14203,127.0
876758.0,1583731740.0,1583731800.0,1.141865,1.14176,1.141725,1.1419,168.0
876759.0,1583731800.0,1583731860.0,1.14177,1.14153,1.141455,1.14177,162.0
876760.0,1583731860.0,1583731920.0,1.141525,1.14152,1.14148,1.14154,121.0
876761.0,1583731920.0,1583731980.0,1.141515,1.14128,1.14128,1.14153,122.0
876762.0,1583731980.0,1583732040.0,1.14128,1.14099,1.140975,1.141335,141.0
876763.0,1583732040.0,1583732100.0,1.140995,1.14095,1.140875,1.14113,169.0
876764.0,1583732100.0,1583732160.0,1.14094,1.14084,1.14073,1.14108,162.0
876765.0,1583732160.0,1583732220.0,1.140845,1.14062,1.1406,1.140875,171.0
876766.0,1583732220.0,1583732280.0,1.14063,1.13994,1.13994,1.14067,163.0
876767.0,1583732280.0,1583732340.0,1.13995,1.140075,1.13978,1.14014,189.0
876768.0,1583732340.0,1583732400.0,1.14008,1.13968,1.13965,1.14008,194.0
876769.0,1583732400.0,1583732460.0,1.13967,1.139555,1.13953,1.139765,182.0
876770.0,1583732460.0,1583732520.0,1.13956,1.13939,1.139365,1.139595,181.0
876771.0,1583732520.0,1583732580.0,1.139295,1.13911,1.139065,1.139295,184.0
876772.0,1583732580.0,1583732640.0,1.13909,1.138955,1.13879,1.13909,169.0
876773.0,1583732640.0,1583732700.0,1.138965,1.139065,1.13886,1.13916,174.0
876774.0,1583732700.0,1583732760.0,1.13907,1.139355,1.13904,1.13936,158.0
876775.0,1583732760.0,1583732820.0,1.139365,1.13897,1.138855,1.139365,160.0
876776.0,1583732820.0,1583732880.0,1.13898,1.139235,1.13898,1.139295,185.0
876777.0,1583732880.0,1583732940.0,1.13924,1.13938,1.13895,1.13943,175.0
876778.0,1583732940.0,1583733000.0,1.1394,1.139335,1.13926,1.139425,166.0
876779.0,1583733000.0,1583733060.0,1.13933,1.13884,1.138805,1.139395,188.0
876780.0,1583733060.0,1583733120.0,1.138855,1.139255,1.138845,1.139255,207.0
876781.0,1583733120.0,1583733180.0,1.13926,1.139265,1.139165,1.139385,191.0
876782.0,1583733180.0,1583733240.0,1.139255,1.139525,1.139255,1.139545,187.0
876783.0,1583733240.0,1583733300.0,1.13955,1.13975,1.13955,1.13978,181.0
876784.0,1583733300.0,1583733360.0,1.13978,1.13965,1.139615,1.13987,199.0
876785.0,1583733360.0,1583733420.0,1.139635,1.13952,1.13935,1.13973,194.0
876786.0,1583733420.0,1583733480.0,1.13951,1.13893,1.138925,1.13953,189.0
876787.0,1583733480.0,1583733540.0,1.1389,1.13875,1.13854,1.13902,190.0
876788.0,1583733540.0,1583733600.0,1.138755,1.138225,1.138115,1.138755,191.0
876789.0,1583733600.0,1583733660.0,1.13821,1.139425,1.138185,1.139425,193.0
876790.0,1583733660.0,1583733720.0,1.139415,1.13973,1.13903,1.139935,191.0
876791.0,1583733720.0,1583733780.0,1.13972,1.139335,1.13912,1.1398,192.0
876792.0,1583733780.0,1583733840.0,1.13932,1.13952,1.139305,1.139695,197.0
876793.0,1583733840.0,1583733900.0,1.139515,1.139845,1.13941,1.13994,191.0
876794.0,1583733900.0,1583733960.0,1.139825,1.13971,1.139345,1.139925,173.0
876795.0,1583733960.0,1583734020.0,1.139725,1.1394,1.1394,1.139825,187.0
876796.0,1583734020.0,1583734080.0,1.13936,1.13955,1.139175,1.13975,188.0
876797.0,1583734080.0,1583734140.0,1.13957,1.13989,1.13956,1.139935,181.0
876798.0,1583734140.0,1583734200.0,1.139885,1.140025,1.13971,1.14026,195.0
876799.0,1583734200.0,1583734260.0,1.140015,1.14015,1.13989,1.140185,168.0
876800.0,1583734260.0,1583734320.0,1.140185,1.140295,1.140145,1.1404,179.0
876801.0,1583734320.0,1583734380.0,1.140285,1.140305,1.13997,1.140305,175.0
876802.0,1583734380.0,1583734440.0,1.14031,1.140025,1.139875,1.140365,179.0
876803.0,1583734440.0,1583734500.0,1.140015,1.14022,1.139875,1.140235,202.0
876804.0,1583734500.0,1583734560.0,1.140215,1.14023,1.140125,1.140335,189.0
876805.0,1583734560.0,1583734620.0,1.140245,1.14024,1.14011,1.1403,160.0
876806.0,1583734620.0,1583734680.0,1.14025,1.14035,1.140225,1.140405,163.0
876807.0,1583734680.0,1583734740.0,1.140355,1.1404,1.14024,1.14043,181.0
876808.0,1583734740.0,1583734800.0,1.140395,1.14045,1.14025,1.14045,187.0
876809.0,1583734800.0,1583734860.0,1.140465,1.14055,1.140275,1.14055,181.0
876810.0,1583734860.0,1583734920.0,1.140555,1.14084,1.140455,1.140865,177.0
876811.0,1583734920.0,1583734980.0,1.140925,1.14073,1.14049,1.14095,190.0
876812.0,1583734980.0,1583735040.0,1.14072,1.140595,1.14055,1.140725,167.0
876813.0,1583735040.0,1583735100.0,1.14061,1.140625,1.140545,1.140835,177.0
876814.0,1583735100.0,1583735160.0,1.14061,1.14032,1.14023,1.140635,196.0
876815.0,1583735160.0,1583735220.0,1.14033,1.140095,1.13992,1.14033,181.0
876816.0,1583735220.0,1583735280.0,1.140085,1.139835,1.139695,1.140095,198.0
876817.0,1583735280.0,1583735340.0,1.139845,1.1397,1.13955,1.13995,180.0
876818.0,1583735340.0,1583735400.0,1.139715,1.13997,1.139715,1.139975,163.0
876819.0,1583735400.0,1583735460.0,1.139955,1.14051,1.139945,1.14063,182.0
876820.0,1583735460.0,1583735520.0,1.1406,1.140885,1.1403,1.140895,215.0
876821.0,1583735520.0,1583735580.0,1.14088,1.14077,1.14049,1.14088,183.0
876822.0,1583735580.0,1583735640.0,1.140765,1.140475,1.140355,1.140765,187.0
876823.0,1583735640.0,1583735700.0,1.14047,1.140505,1.14021,1.14058,174.0
876824.0,1583735700.0,1583735760.0,1.1405,1.14025,1.140135,1.14052,181.0
876825.0,1583735760.0,1583735820.0,1.14024,1.14016,1.139995,1.140395,187.0
876826.0,1583735820.0,1583735880.0,1.140165,1.140005,1.13993,1.140215,172.0
876827.0,1583735880.0,1583735940.0,1.140015,1.13996,1.13986,1.14002,165.0
876828.0,1583735940.0,1583736000.0,1.139965,1.13977,1.13942,1.140015,192.0
876829.0,1583736000.0,1583736060.0,1.139775,1.140265,1.139765,1.140355,197.0
876830.0,1583736060.0,1583736120.0,1.14027,1.14078,1.14018,1.140945,193.0
876831.0,1583736120.0,1583736180.0,1.140775,1.14058,1.14049,1.14078,168.0
876832.0,1583736180.0,1583736240.0,1.14059,1.1406,1.14046,1.140705,176.0
876833.0,1583736240.0,1583736300.0,1.14059,1.139995,1.13999,1.14059,202.0
876834.0,1583736300.0,1583736360.0,1.14002,1.139825,1.13974,1.140035,180.0
876835.0,1583736360.0,1583736420.0,1.13982,1.140345,1.139805,1.140345,188.0
876836.0,1583736420.0,1583736480.0,1.14051,1.140385,1.140185,1.140605,177.0
876837.0,1583736480.0,1583736540.0,1.14038,1.140635,1.140225,1.140665,188.0
876838.0,1583736540.0,1583736600.0,1.14062,1.14068,1.14041,1.140725,184.0
876839.0,1583736600.0,1583736660.0,1.140675,1.140335,1.140335,1.14068,185.0
876840.0,1583736660.0,1583736720.0,1.140325,1.14028,1.14026,1.14045,203.0
876841.0,1583736720.0,1583736780.0,1.140275,1.140095,1.13992,1.14031,194.0
876842.0,1583736780.0,1583736840.0,1.14013,1.14003,1.139975,1.140185,183.0
876843.0,1583736840.0,1583736900.0,1.14004,1.14007,1.14004,1.140235,158.0
876844.0,1583736900.0,1583736960.0,1.140065,1.1403,1.14006,1.140375,147.0
876845.0,1583736960.0,1583737020.0,1.140295,1.140255,1.140225,1.140355,157.0
876846.0,1583737020.0,1583737080.0,1.14026,1.14018,1.14005,1.14028,184.0
876847.0,1583737080.0,1583737140.0,1.14019,1.140025,1.14001,1.140275,157.0
876848.0,1583737140.0,1583737200.0,1.14002,1.139975,1.139975,1.1403,192.0
876849.0,1583737200.0,1583737260.0,1.13998,1.14057,1.13998,1.14084,217.0
876850.0,1583737260.0,1583737320.0,1.140575,1.140525,1.14051,1.14079,195.0
876851.0,1583737320.0,1583737380.0,1.14052,1.14055,1.14034,1.140745,215.0
876852.0,1583737380.0,1583737440.0,1.14054,1.140565,1.14049,1.1407,183.0
876853.0,1583737440.0,1583737500.0,1.140595,1.1408,1.1405,1.14088,214.0
876854.0,1583737500.0,1583737560.0,1.140805,1.14166,1.140775,1.14184,195.0
876855.0,1583737560.0,1583737620.0,1.14165,1.141625,1.14155,1.142455,233.0
876856.0,1583737620.0,1583737680.0,1.14162,1.14234,1.141615,1.142345,195.0
876857.0,1583737680.0,1583737740.0,1.142355,1.143505,1.142325,1.14351,203.0
876858.0,1583737740.0,1583737800.0,1.14349,1.14374,1.14298,1.14375,224.0
876859.0,1583737800.0,1583737860.0,1.143725,1.1438,1.14342,1.144635,224.0
876860.0,1583737860.0,1583737920.0,1.14379,1.144325,1.14352,1.14436,226.0
876861.0,1583737920.0,1583737980.0,1.14435,1.144895,1.144185,1.14503,230.0
876862.0,1583737980.0,1583738040.0,1.14487,1.1437,1.1437,1.144905,245.0
876863.0,1583738040.0,1583738100.0,1.14369,1.14353,1.143455,1.144015,234.0
876864.0,1583738100.0,1583738160.0,1.1435,1.14322,1.143185,1.143845,215.0
876865.0,1583738160.0,1583738220.0,1.143225,1.14292,1.142815,1.14323,211.0
876866.0,1583738220.0,1583738280.0,1.142925,1.143955,1.142805,1.143955,199.0
876867.0,1583738280.0,1583738340.0,1.143945,1.1435,1.143475,1.144055,226.0
876868.0,1583738340.0,1583738400.0,1.143495,1.14482,1.143475,1.14482,231.0
876869.0,1583738400.0,1583738460.0,1.14482,1.144865,1.14442,1.14519,223.0
876870.0,1583738460.0,1583738520.0,1.14489,1.145065,1.144445,1.145235,208.0
876871.0,1583738520.0,1583738580.0,1.14508,1.144435,1.144165,1.14508,208.0
876872.0,1583738580.0,1583738640.0,1.144425,1.145795,1.144385,1.14593,233.0
876873.0,1583738640.0,1583738700.0,1.145785,1.144975,1.14487,1.145985,209.0
876874.0,1583738700.0,1583738760.0,1.14498,1.145335,1.144815,1.14563,238.0
876875.0,1583738760.0,1583738820.0,1.14535,1.14556,1.14479,1.145635,227.0
876876.0,1583738820.0,1583738880.0,1.145525,1.145085,1.145025,1.145525,226.0
876877.0,1583738880.0,1583738940.0,1.14509,1.145715,1.14504,1.145775,223.0
876878.0,1583738940.0,1583739000.0,1.14572,1.146185,1.145715,1.14643,223.0
876879.0,1583739000.0,1583739060.0,1.146195,1.145895,1.14563,1.14629,208.0
876880.0,1583739060.0,1583739120.0,1.14589,1.146345,1.145665,1.14662,225.0
876881.0,1583739120.0,1583739180.0,1.14634,1.146695,1.145945,1.146695,207.0
876882.0,1583739180.0,1583739240.0,1.14673,1.146625,1.1465,1.14682,214.0
876883.0,1583739240.0,1583739300.0,1.146635,1.14667,1.14617,1.14687,213.0
876884.0,1583739300.0,1583739360.0,1.14667,1.146615,1.146495,1.14696,211.0
876885.0,1583739360.0,1583739420.0,1.146645,1.14657,1.146515,1.146875,208.0
876886.0,1583739420.0,1583739480.0,1.14661,1.146555,1.14647,1.14684,217.0
876887.0,1583739480.0,1583739540.0,1.14655,1.14705,1.1465,1.14712,217.0
876888.0,1583739540.0,1583739600.0,1.14703,1.14741,1.14689,1.147505,219.0
876889.0,1583739600.0,1583739660.0,1.147425,1.147325,1.14699,1.147565,218.0
876890.0,1583739660.0,1583739720.0,1.14734,1.14697,1.14697,1.14749,228.0
876891.0,1583739720.0,1583739780.0,1.14696,1.14653,1.146435,1.14698,230.0
876892.0,1583739780.0,1583739840.0,1.14654,1.146035,1.146035,1.146675,203.0
876893.0,1583739840.0,1583739900.0,1.146045,1.145885,1.145695,1.14648,216.0
876894.0,1583739900.0,1583739960.0,1.14587,1.14488,1.144785,1.14587,226.0
876895.0,1583739960.0,1583740020.0,1.144865,1.144805,1.144405,1.144985,239.0
876896.0,1583740020.0,1583740080.0,1.14482,1.145655,1.144575,1.14568,232.0
876897.0,1583740080.0,1583740140.0,1.145675,1.14613,1.14564,1.146145,207.0
876898.0,1583740140.0,1583740200.0,1.146135,1.146555,1.146135,1.14657,217.0
876899.0,1583740200.0,1583740260.0,1.14655,1.1458,1.145655,1.146595,222.0
876900.0,1583740260.0,1583740320.0,1.145795,1.14512,1.14508,1.145795,210.0
876901.0,1583740320.0,1583740380.0,1.145115,1.144725,1.14462,1.14513,198.0
876902.0,1583740380.0,1583740440.0,1.14473,1.144465,1.144395,1.14481,226.0
876903.0,1583740440.0,1583740500.0,1.14447,1.14388,1.14388,1.144605,208.0
876904.0,1583740500.0,1583740560.0,1.14387,1.14395,1.14378,1.14431,225.0
876905.0,1583740560.0,1583740620.0,1.14394,1.1437,1.143525,1.14412,195.0
876906.0,1583740620.0,1583740680.0,1.143695,1.143665,1.14358,1.144075,203.0
876907.0,1583740680.0,1583740740.0,1.143655,1.143865,1.14358,1.1442,206.0
876908.0,1583740740.0,1583740800.0,1.143855,1.14386,1.143335,1.143935,198.0
876909.0,1583740800.0,1583740860.0,1.143865,1.14311,1.143055,1.143965,251.0
876910.0,1583740860.0,1583740920.0,1.143115,1.143505,1.143115,1.144025,247.0
876911.0,1583740920.0,1583740980.0,1.143485,1.143045,1.142735,1.14355,230.0
876912.0,1583740980.0,1583741040.0,1.14305,1.14289,1.142775,1.143215,215.0
876913.0,1583741040.0,1583741100.0,1.1429,1.142845,1.14265,1.14317,222.0
876914.0,1583741100.0,1583741160.0,1.14284,1.143355,1.142705,1.14336,210.0
876915.0,1583741160.0,1583741220.0,1.14335,1.143245,1.14318,1.143915,235.0
876916.0,1583741220.0,1583741280.0,1.143265,1.143345,1.143045,1.143435,223.0
876917.0,1583741280.0,1583741340.0,1.14333,1.14333,1.142845,1.143405,235.0
876918.0,1583741340.0,1583741400.0,1.143345,1.142485,1.141825,1.14335,236.0
876919.0,1583741400.0,1583741460.0,1.14248,1.142005,1.141985,1.14256,240.0
876920.0,1583741460.0,1583741520.0,1.14201,1.141925,1.141875,1.142155,228.0
876921.0,1583741520.0,1583741580.0,1.14195,1.1419,1.14183,1.14198,217.0
876922.0,1583741580.0,1583741640.0,1.141915,1.141655,1.14164,1.142105,202.0
876923.0,1583741640.0,1583741700.0,1.14168,1.141905,1.14168,1.142035,227.0
876924.0,1583741700.0,1583741760.0,1.14191,1.141935,1.14182,1.142045,202.0
876925.0,1583741760.0,1583741820.0,1.14193,1.142125,1.141855,1.142415,198.0
876926.0,1583741820.0,1583741880.0,1.14217,1.14215,1.142035,1.142305,210.0
876927.0,1583741880.0,1583741940.0,1.14214,1.142165,1.142005,1.14237,227.0
876928.0,1583741940.0,1583742000.0,1.14215,1.14293,1.142125,1.14293,222.0
876929.0,1583742000.0,1583742060.0,1.142925,1.14159,1.141555,1.14295,235.0
876930.0,1583742060.0,1583742120.0,1.141595,1.141455,1.141185,1.14177,228.0
876931.0,1583742120.0,1583742180.0,1.1415,1.142165,1.14127,1.142165,232.0
876932.0,1583742180.0,1583742240.0,1.14219,1.14218,1.142055,1.142495,216.0
876933.0,1583742240.0,1583742300.0,1.142185,1.14189,1.14179,1.14272,224.0
876934.0,1583742300.0,1583742360.0,1.141895,1.142545,1.14184,1.142575,230.0
876935.0,1583742360.0,1583742420.0,1.14254,1.142465,1.142235,1.14258,227.0
876936.0,1583742420.0,1583742480.0,1.14248,1.142265,1.142265,1.14251,200.0
876937.0,1583742480.0,1583742540.0,1.14227,1.142565,1.142255,1.142565,214.0
876938.0,1583742540.0,1583742600.0,1.142555,1.14261,1.14244,1.142785,211.0
876939.0,1583742600.0,1583742660.0,1.142595,1.143125,1.142475,1.143435,220.0
876940.0,1583742660.0,1583742720.0,1.14312,1.14301,1.1429,1.143235,213.0
876941.0,1583742720.0,1583742780.0,1.14298,1.142715,1.14269,1.143065,207.0
876942.0,1583742780.0,1583742840.0,1.142725,1.14204,1.14182,1.142735,214.0
876943.0,1583742840.0,1583742900.0,1.14205,1.14128,1.141215,1.142075,206.0
876944.0,1583742900.0,1583742960.0,1.14129,1.141355,1.14095,1.141575,219.0
876945.0,1583742960.0,1583743020.0,1.14135,1.1404,1.14039,1.141375,230.0
876946.0,1583743020.0,1583743080.0,1.140425,1.139555,1.13906,1.140425,249.0
876947.0,1583743080.0,1583743140.0,1.13945,1.139695,1.139025,1.139895,242.0
876948.0,1583743140.0,1583743200.0,1.139675,1.139885,1.139075,1.139885,216.0
876949.0,1583743200.0,1583743260.0,1.139855,1.13942,1.139255,1.1404,219.0
876950.0,1583743260.0,1583743320.0,1.13941,1.1398,1.139405,1.14051,229.0
876951.0,1583743320.0,1583743380.0,1.139785,1.139425,1.13909,1.139795,222.0
876952.0,1583743380.0,1583743440.0,1.13942,1.14012,1.13925,1.14012,221.0
876953.0,1583743440.0,1583743500.0,1.140015,1.14051,1.139955,1.14075,224.0
876954.0,1583743500.0,1583743560.0,1.1405,1.14003,1.13991,1.14088,226.0
876955.0,1583743560.0,1583743620.0,1.14009,1.140175,1.139485,1.140175,238.0
876956.0,1583743620.0,1583743680.0,1.140165,1.14014,1.13986,1.140245,209.0
876957.0,1583743680.0,1583743740.0,1.140145,1.14086,1.140095,1.140865,207.0
876958.0,1583743740.0,1583743800.0,1.14085,1.140985,1.140375,1.14132,219.0
876959.0,1583743800.0,1583743860.0,1.141,1.140725,1.14062,1.14134,226.0
876960.0,1583743860.0,1583743920.0,1.14071,1.141285,1.140465,1.14137,219.0
876961.0,1583743920.0,1583743980.0,1.14128,1.14188,1.141035,1.14194,210.0
876962.0,1583743980.0,1583744040.0,1.141885,1.141845,1.14145,1.141965,201.0
876963.0,1583744040.0,1583744100.0,1.14182,1.14182,1.141685,1.14206,207.0
876964.0,1583744100.0,1583744160.0,1.14183,1.141615,1.14114,1.14183,207.0
876965.0,1583744160.0,1583744220.0,1.141605,1.14121,1.14116,1.141645,211.0
876966.0,1583744220.0,1583744280.0,1.14122,1.14094,1.14083,1.14135,208.0
876967.0,1583744280.0,1583744340.0,1.140965,1.14071,1.140165,1.140985,191.0
876968.0,1583744340.0,1583744400.0,1.140725,1.140235,1.14018,1.14086,225.0
876969.0,1583744400.0,1583744460.0,1.14025,1.140075,1.140065,1.140655,225.0
876970.0,1583744460.0,1583744520.0,1.14009,1.14041,1.140045,1.140555,215.0
876971.0,1583744520.0,1583744580.0,1.140405,1.1397,1.1397,1.140485,218.0
876972.0,1583744580.0,1583744640.0,1.139725,1.13967,1.13929,1.14,228.0
876973.0,1583744640.0,1583744700.0,1.13968,1.139385,1.13933,1.139725,197.0
876974.0,1583744700.0,1583744760.0,1.139375,1.139235,1.13883,1.13943,221.0
876975.0,1583744760.0,1583744820.0,1.139245,1.13894,1.138755,1.13934,223.0
876976.0,1583744820.0,1583744880.0,1.13882,1.13887,1.13871,1.13908,214.0
876977.0,1583744880.0,1583744940.0,1.13886,1.13893,1.138615,1.139005,186.0
876978.0,1583744940.0,1583745000.0,1.13891,1.138635,1.1386,1.139305,222.0
876979.0,1583745000.0,1583745060.0,1.13866,1.13905,1.13862,1.13911,197.0
876980.0,1583745060.0,1583745120.0,1.139045,1.13902,1.13891,1.139285,191.0
876981.0,1583745120.0,1583745180.0,1.139015,1.13864,1.138515,1.139025,208.0
876982.0,1583745180.0,1583745240.0,1.13863,1.137725,1.13759,1.13863,236.0
876983.0,1583745240.0,1583745300.0,1.137715,1.137935,1.137465,1.138185,240.0
876984.0,1583745300.0,1583745360.0,1.137865,1.13792,1.137235,1.13796,212.0
876985.0,1583745360.0,1583745420.0,1.137915,1.13809,1.137855,1.13839,217.0
876986.0,1583745420.0,1583745480.0,1.1381,1.138405,1.137985,1.13844,224.0
876987.0,1583745480.0,1583745540.0,1.1384,1.138435,1.13818,1.138465,202.0
876988.0,1583745540.0,1583745600.0,1.13843,1.137625,1.13741,1.13843,213.0
876989.0,1583745600.0,1583745660.0,1.137615,1.13738,1.13692,1.137625,216.0
876990.0,1583745660.0,1583745720.0,1.13739,1.137555,1.13738,1.1378,230.0
876991.0,1583745720.0,1583745780.0,1.137545,1.13761,1.1369,1.137685,231.0
876992.0,1583745780.0,1583745840.0,1.13762,1.13804,1.13762,1.138285,213.0
876993.0,1583745840.0,1583745900.0,1.138035,1.13768,1.13755,1.138075,219.0
876994.0,1583745900.0,1583745960.0,1.137845,1.137135,1.137085,1.13787,216.0
876995.0,1583745960.0,1583746020.0,1.13714,1.136685,1.136545,1.13716,216.0
876996.0,1583746020.0,1583746080.0,1.136695,1.13738,1.136695,1.137425,228.0
876997.0,1583746080.0,1583746140.0,1.1374,1.13678,1.13678,1.13743,226.0
876998.0,1583746140.0,1583746200.0,1.13677,1.136905,1.13672,1.13702,231.0
876999.0,1583746200.0,1583746260.0,1.13692,1.137365,1.136795,1.13751,213.0
877000.0,1583746260.0,1583746320.0,1.13736,1.13739,1.137325,1.137695,222.0
877001.0,1583746320.0,1583746380.0,1.1374,1.13755,1.137375,1.137805,217.0
877002.0,1583746380.0,1583746440.0,1.13758,1.13795,1.137535,1.13805,195.0
877003.0,1583746440.0,1583746500.0,1.13798,1.1382,1.13798,1.138395,211.0
877004.0,1583746500.0,1583746560.0,1.138205,1.13828,1.13787,1.13859,204.0
877005.0,1583746560.0,1583746620.0,1.138285,1.138695,1.13803,1.1389,203.0
877006.0,1583746620.0,1583746680.0,1.138705,1.138745,1.138315,1.138745,219.0
877007.0,1583746680.0,1583746740.0,1.138765,1.138095,1.13808,1.138775,224.0
877008.0,1583746740.0,1583746800.0,1.138105,1.138405,1.138085,1.13863,199.0
877009.0,1583746800.0,1583746860.0,1.13839,1.138315,1.138035,1.13841,179.0
877010.0,1583746860.0,1583746920.0,1.1383,1.138065,1.13805,1.138355,213.0
877011.0,1583746920.0,1583746980.0,1.13806,1.138465,1.13801,1.13848,163.0
877012.0,1583746980.0,1583747040.0,1.138475,1.13901,1.138375,1.139045,204.0
877013.0,1583747040.0,1583747100.0,1.138995,1.1386,1.138555,1.13901,191.0
877014.0,1583747100.0,1583747160.0,1.138615,1.138365,1.138325,1.138675,188.0
877015.0,1583747160.0,1583747220.0,1.13838,1.138665,1.13838,1.13891,203.0
877016.0,1583747220.0,1583747280.0,1.13867,1.138705,1.138645,1.13887,204.0
877017.0,1583747280.0,1583747340.0,1.1387,1.138675,1.138655,1.138745,188.0
877018.0,1583747340.0,1583747400.0,1.13868,1.138705,1.13856,1.138775,173.0
877019.0,1583747400.0,1583747460.0,1.138695,1.13911,1.138645,1.139115,195.0
877020.0,1583747460.0,1583747520.0,1.139135,1.13923,1.138885,1.139335,205.0
877021.0,1583747520.0,1583747580.0,1.139275,1.139085,1.139005,1.139305,209.0
877022.0,1583747580.0,1583747640.0,1.139095,1.14015,1.139085,1.14022,212.0
877023.0,1583747640.0,1583747700.0,1.140125,1.14024,1.13996,1.14031,207.0
877024.0,1583747700.0,1583747760.0,1.14023,1.139765,1.139385,1.14023,227.0
877025.0,1583747760.0,1583747820.0,1.139795,1.13957,1.139445,1.1399,184.0
877026.0,1583747820.0,1583747880.0,1.139565,1.139565,1.139495,1.139985,212.0
877027.0,1583747880.0,1583747940.0,1.139455,1.139465,1.13937,1.139775,205.0
877028.0,1583747940.0,1583748000.0,1.13946,1.13915,1.139095,1.13963,217.0
877029.0,1583748000.0,1583748060.0,1.139145,1.1399,1.139015,1.13991,214.0
877030.0,1583748060.0,1583748120.0,1.13991,1.140225,1.13974,1.140275,211.0
877031.0,1583748120.0,1583748180.0,1.14022,1.14039,1.13978,1.140465,210.0
877032.0,1583748180.0,1583748240.0,1.140395,1.14062,1.14008,1.14064,214.0
877033.0,1583748240.0,1583748300.0,1.140595,1.14117,1.14044,1.14126,200.0
877034.0,1583748300.0,1583748360.0,1.141165,1.14156,1.14095,1.141575,214.0
877035.0,1583748360.0,1583748420.0,1.141555,1.14162,1.14154,1.141825,203.0
877036.0,1583748420.0,1583748480.0,1.141615,1.141445,1.14137,1.141725,200.0
877037.0,1583748480.0,1583748540.0,1.141395,1.14141,1.141245,1.141675,219.0
877038.0,1583748540.0,1583748600.0,1.141405,1.141745,1.141405,1.141835,182.0
877039.0,1583748600.0,1583748660.0,1.141755,1.141625,1.14151,1.14183,207.0
877040.0,1583748660.0,1583748720.0,1.141665,1.1417,1.141425,1.14174,201.0
877041.0,1583748720.0,1583748780.0,1.141715,1.142385,1.141685,1.14242,214.0
877042.0,1583748780.0,1583748840.0,1.142375,1.143185,1.14232,1.143225,198.0
877043.0,1583748840.0,1583748900.0,1.14318,1.143295,1.14317,1.1439,231.0
877044.0,1583748900.0,1583748960.0,1.143305,1.14296,1.142945,1.14353,203.0
877045.0,1583748960.0,1583749020.0,1.142955,1.14275,1.14245,1.143005,215.0
877046.0,1583749020.0,1583749080.0,1.142745,1.143435,1.14272,1.143545,214.0
877047.0,1583749080.0,1583749140.0,1.14342,1.14348,1.14312,1.143565,234.0
877048.0,1583749140.0,1583749200.0,1.143495,1.142745,1.14272,1.143645,226.0
877049.0,1583749200.0,1583749260.0,1.14274,1.143265,1.142625,1.143435,184.0
877050.0,1583749260.0,1583749320.0,1.14327,1.14313,1.14311,1.14334,213.0
877051.0,1583749320.0,1583749380.0,1.14314,1.14299,1.142865,1.14333,215.0
877052.0,1583749380.0,1583749440.0,1.14298,1.142635,1.14246,1.14298,225.0
877053.0,1583749440.0,1583749500.0,1.14264,1.142835,1.14263,1.14328,215.0
877054.0,1583749500.0,1583749560.0,1.14284,1.14254,1.142495,1.142935,210.0
877055.0,1583749560.0,1583749620.0,1.14251,1.142405,1.14227,1.14258,195.0
877056.0,1583749620.0,1583749680.0,1.142505,1.14286,1.142505,1.142975,203.0
877057.0,1583749680.0,1583749740.0,1.14288,1.14165,1.14163,1.14288,218.0
877058.0,1583749740.0,1583749800.0,1.14166,1.141255,1.141185,1.14182,217.0
877059.0,1583749800.0,1583749860.0,1.141235,1.14117,1.141155,1.141565,218.0
877060.0,1583749860.0,1583749920.0,1.14118,1.141105,1.14103,1.14133,188.0
877061.0,1583749920.0,1583749980.0,1.141095,1.14108,1.141035,1.14132,185.0
877062.0,1583749980.0,1583750040.0,1.141075,1.14112,1.141025,1.14146,196.0
877063.0,1583750040.0,1583750100.0,1.14111,1.14081,1.14067,1.141145,202.0
877064.0,1583750100.0,1583750160.0,1.140795,1.141125,1.140795,1.141175,209.0
877065.0,1583750160.0,1583750220.0,1.14112,1.140955,1.14095,1.14127,226.0
877066.0,1583750220.0,1583750280.0,1.140985,1.14061,1.14036,1.140995,236.0
877067.0,1583750280.0,1583750340.0,1.1406,1.14042,1.140265,1.140625,222.0
877068.0,1583750340.0,1583750400.0,1.14046,1.140605,1.14044,1.14076,205.0
877069.0,1583750400.0,1583750460.0,1.14061,1.140435,1.140425,1.140615,184.0
877070.0,1583750460.0,1583750520.0,1.140405,1.14092,1.14028,1.14094,230.0
877071.0,1583750520.0,1583750580.0,1.14091,1.14088,1.140785,1.141155,202.0
877072.0,1583750580.0,1583750640.0,1.140885,1.141305,1.14087,1.141335,226.0
877073.0,1583750640.0,1583750700.0,1.14126,1.14102,1.140975,1.141385,195.0
877074.0,1583750700.0,1583750760.0,1.141025,1.14139,1.141025,1.14147,197.0
877075.0,1583750760.0,1583750820.0,1.141385,1.141515,1.141265,1.14157,180.0
877076.0,1583750820.0,1583750880.0,1.14153,1.14156,1.141215,1.14157,207.0
877077.0,1583750880.0,1583750940.0,1.141565,1.141505,1.141125,1.14157,223.0
877078.0,1583750940.0,1583751000.0,1.14151,1.14179,1.14151,1.141845,203.0
877079.0,1583751000.0,1583751060.0,1.141785,1.142085,1.14172,1.1422,185.0
877080.0,1583751060.0,1583751120.0,1.142055,1.142355,1.142025,1.142375,219.0
877081.0,1583751120.0,1583751180.0,1.14235,1.14194,1.14184,1.142365,199.0
877082.0,1583751180.0,1583751240.0,1.14193,1.14265,1.14165,1.142685,202.0
877083.0,1583751240.0,1583751300.0,1.142655,1.14231,1.142275,1.14277,201.0
877084.0,1583751300.0,1583751360.0,1.142295,1.14221,1.142115,1.14234,196.0
877085.0,1583751360.0,1583751420.0,1.1422,1.14269,1.14198,1.14282,218.0
877086.0,1583751420.0,1583751480.0,1.142675,1.142385,1.14228,1.142675,204.0
877087.0,1583751480.0,1583751540.0,1.14239,1.142335,1.141955,1.142475,216.0
877088.0,1583751540.0,1583751600.0,1.14235,1.142425,1.142235,1.14249,187.0
877089.0,1583751600.0,1583751660.0,1.14244,1.142725,1.14244,1.142905,184.0
877090.0,1583751660.0,1583751720.0,1.14271,1.141945,1.141805,1.14271,212.0
877091.0,1583751720.0,1583751780.0,1.14193,1.141825,1.141785,1.14224,213.0
877092.0,1583751780.0,1583751840.0,1.14181,1.14203,1.141795,1.142285,192.0
877093.0,1583751840.0,1583751900.0,1.142025,1.14236,1.142025,1.142465,196.0
877094.0,1583751900.0,1583751960.0,1.14235,1.142395,1.14233,1.142655,214.0
877095.0,1583751960.0,1583752020.0,1.14238,1.14196,1.141905,1.142405,187.0
877096.0,1583752020.0,1583752080.0,1.14197,1.14235,1.14195,1.142435,223.0
877097.0,1583752080.0,1583752140.0,1.142335,1.142245,1.142135,1.142495,191.0
877098.0,1583752140.0,1583752200.0,1.142265,1.1427,1.142245,1.1427,207.0
877099.0,1583752200.0,1583752260.0,1.142705,1.14216,1.14216,1.14271,213.0
877100.0,1583752260.0,1583752320.0,1.142145,1.1421,1.141925,1.14223,200.0
877101.0,1583752320.0,1583752380.0,1.14209,1.142025,1.14198,1.142165,185.0
877102.0,1583752380.0,1583752440.0,1.14202,1.142,1.141945,1.14218,190.0
877103.0,1583752440.0,1583752500.0,1.141995,1.14212,1.141875,1.14221,175.0
877104.0,1583752500.0,1583752560.0,1.142115,1.142065,1.14194,1.14222,175.0
877105.0,1583752560.0,1583752620.0,1.14207,1.14224,1.142025,1.142265,174.0
877106.0,1583752620.0,1583752680.0,1.142235,1.142105,1.14209,1.14243,200.0
877107.0,1583752680.0,1583752740.0,1.1421,1.14199,1.14189,1.142425,230.0
877108.0,1583752740.0,1583752800.0,1.141975,1.14194,1.141675,1.14204,211.0
877109.0,1583752800.0,1583752860.0,1.14194,1.141995,1.141675,1.142005,214.0
877110.0,1583752860.0,1583752920.0,1.141985,1.142075,1.14178,1.14209,210.0
877111.0,1583752920.0,1583752980.0,1.14207,1.14193,1.141895,1.142095,209.0
877112.0,1583752980.0,1583753040.0,1.14192,1.141855,1.14179,1.142115,200.0
877113.0,1583753040.0,1583753100.0,1.14192,1.141945,1.141825,1.142075,191.0
877114.0,1583753100.0,1583753160.0,1.14195,1.141955,1.141765,1.14214,200.0
877115.0,1583753160.0,1583753220.0,1.142005,1.141855,1.141765,1.142055,189.0
877116.0,1583753220.0,1583753280.0,1.14186,1.141715,1.14169,1.14202,213.0
877117.0,1583753280.0,1583753340.0,1.14171,1.141825,1.141655,1.141885,192.0
877118.0,1583753340.0,1583753400.0,1.14182,1.141835,1.14165,1.141945,209.0
877119.0,1583753400.0,1583753460.0,1.14185,1.1417,1.141655,1.141975,206.0
877120.0,1583753460.0,1583753520.0,1.141685,1.141905,1.14163,1.141975,222.0
877121.0,1583753520.0,1583753580.0,1.1419,1.14187,1.141735,1.1421,216.0
877122.0,1583753580.0,1583753640.0,1.141865,1.141935,1.141765,1.14208,212.0
877123.0,1583753640.0,1583753700.0,1.14193,1.141815,1.141645,1.141935,208.0
877124.0,1583753700.0,1583753760.0,1.14182,1.141945,1.14178,1.14196,200.0
877125.0,1583753760.0,1583753820.0,1.14194,1.14184,1.14183,1.142055,215.0
877126.0,1583753820.0,1583753880.0,1.141825,1.14215,1.141825,1.142255,217.0
877127.0,1583753880.0,1583753940.0,1.142155,1.14199,1.141985,1.14222,228.0
877128.0,1583753940.0,1583754000.0,1.14201,1.14205,1.14182,1.142235,217.0
877129.0,1583754000.0,1583754060.0,1.14204,1.141835,1.14165,1.142145,186.0
877130.0,1583754060.0,1583754120.0,1.14205,1.14172,1.14159,1.142165,240.0
877131.0,1583754120.0,1583754180.0,1.14173,1.14178,1.14167,1.14198,204.0
877132.0,1583754180.0,1583754240.0,1.1418,1.141905,1.14168,1.14192,224.0
877133.0,1583754240.0,1583754300.0,1.1419,1.141455,1.14143,1.142015,202.0
877134.0,1583754300.0,1583754360.0,1.14149,1.141015,1.141005,1.14168,198.0
877135.0,1583754360.0,1583754420.0,1.141005,1.1419,1.140935,1.141935,214.0
877136.0,1583754420.0,1583754480.0,1.141895,1.142165,1.14181,1.14222,224.0
877137.0,1583754480.0,1583754540.0,1.142145,1.142515,1.142075,1.142515,204.0
877138.0,1583754540.0,1583754600.0,1.142535,1.14223,1.14215,1.142575,205.0
877139.0,1583754600.0,1583754660.0,1.14218,1.14266,1.141885,1.142815,225.0
877140.0,1583754660.0,1583754720.0,1.142665,1.14232,1.14222,1.142665,207.0
877141.0,1583754720.0,1583754780.0,1.142315,1.14212,1.14197,1.142325,229.0
877142.0,1583754780.0,1583754840.0,1.142125,1.142315,1.14211,1.142375,191.0
877143.0,1583754840.0,1583754900.0,1.14232,1.1419,1.141625,1.142365,211.0
877144.0,1583754900.0,1583754960.0,1.141895,1.14176,1.14143,1.141895,233.0
877145.0,1583754960.0,1583755020.0,1.141755,1.14244,1.14165,1.142695,220.0
877146.0,1583755020.0,1583755080.0,1.14245,1.142425,1.14216,1.142495,202.0
877147.0,1583755080.0,1583755140.0,1.142435,1.142855,1.142345,1.142875,204.0
877148.0,1583755140.0,1583755200.0,1.142865,1.14253,1.14249,1.142945,227.0
877149.0,1583755200.0,1583755260.0,1.142525,1.14274,1.1424,1.14285,210.0
877150.0,1583755260.0,1583755320.0,1.14273,1.142435,1.142245,1.14273,209.0
877151.0,1583755320.0,1583755380.0,1.142445,1.14272,1.14242,1.142725,204.0
877152.0,1583755380.0,1583755440.0,1.1427,1.14262,1.142515,1.142745,219.0
877153.0,1583755440.0,1583755500.0,1.142625,1.142525,1.142255,1.142635,187.0
877154.0,1583755500.0,1583755560.0,1.14252,1.143015,1.14251,1.14307,208.0
877155.0,1583755560.0,1583755620.0,1.14302,1.14305,1.142815,1.14321,200.0
877156.0,1583755620.0,1583755680.0,1.143045,1.143485,1.143045,1.1438,204.0
877157.0,1583755680.0,1583755740.0,1.143475,1.14345,1.14341,1.14357,178.0
877158.0,1583755740.0,1583755800.0,1.143465,1.143555,1.143405,1.143815,218.0
877159.0,1583755800.0,1583755860.0,1.143565,1.14368,1.143415,1.14374,213.0
877160.0,1583755860.0,1583755920.0,1.1437,1.14374,1.143435,1.14376,203.0
877161.0,1583755920.0,1583755980.0,1.143735,1.143545,1.143205,1.14379,221.0
877162.0,1583755980.0,1583756040.0,1.14355,1.14296,1.14295,1.14366,192.0
877163.0,1583756040.0,1583756100.0,1.14295,1.143015,1.142855,1.14324,208.0
877164.0,1583756100.0,1583756160.0,1.14301,1.14242,1.14228,1.143015,221.0
877165.0,1583756160.0,1583756220.0,1.14244,1.14196,1.141855,1.14248,198.0
877166.0,1583756220.0,1583756280.0,1.141955,1.141565,1.14153,1.14202,227.0
877167.0,1583756280.0,1583756340.0,1.14159,1.142035,1.1415,1.142035,203.0
877168.0,1583756340.0,1583756400.0,1.14197,1.14146,1.14136,1.14197,230.0
877169.0,1583756400.0,1583756460.0,1.141585,1.14191,1.141505,1.14193,225.0
877170.0,1583756460.0,1583756520.0,1.141895,1.141595,1.14137,1.141915,220.0
877171.0,1583756520.0,1583756580.0,1.14159,1.141725,1.14156,1.1419,195.0
877172.0,1583756580.0,1583756640.0,1.14177,1.14143,1.141225,1.14177,189.0
877173.0,1583756640.0,1583756700.0,1.14144,1.141355,1.141285,1.14174,225.0
877174.0,1583756700.0,1583756760.0,1.14136,1.14159,1.141355,1.141775,205.0
877175.0,1583756760.0,1583756820.0,1.141575,1.14123,1.14106,1.1418,229.0
877176.0,1583756820.0,1583756880.0,1.141275,1.141425,1.14106,1.14144,210.0
877177.0,1583756880.0,1583756940.0,1.14143,1.141145,1.141075,1.141465,207.0
877178.0,1583756940.0,1583757000.0,1.141135,1.140355,1.140315,1.14114,228.0
877179.0,1583757000.0,1583757060.0,1.14036,1.14047,1.14032,1.14078,240.0
877180.0,1583757060.0,1583757120.0,1.140485,1.14088,1.140415,1.14098,195.0
877181.0,1583757120.0,1583757180.0,1.14086,1.14128,1.14077,1.1413,208.0
877182.0,1583757180.0,1583757240.0,1.141265,1.14167,1.141035,1.14189,215.0
877183.0,1583757240.0,1583757300.0,1.14165,1.141855,1.14151,1.141885,216.0
877184.0,1583757300.0,1583757360.0,1.141845,1.141805,1.141775,1.142025,220.0
877185.0,1583757360.0,1583757420.0,1.14187,1.141575,1.14141,1.141945,213.0
877186.0,1583757420.0,1583757480.0,1.14159,1.141945,1.1414,1.142045,208.0
877187.0,1583757480.0,1583757540.0,1.14196,1.14221,1.141795,1.142215,210.0
877188.0,1583757540.0,1583757600.0,1.142215,1.142085,1.14193,1.14232,223.0
877189.0,1583757600.0,1583757660.0,1.14208,1.14219,1.14192,1.1422,196.0
877190.0,1583757660.0,1583757720.0,1.142185,1.142505,1.14216,1.142545,194.0
877191.0,1583757720.0,1583757780.0,1.1425,1.142635,1.1425,1.142715,232.0
877192.0,1583757780.0,1583757840.0,1.142625,1.142765,1.142535,1.142965,189.0
877193.0,1583757840.0,1583757900.0,1.14276,1.14295,1.142475,1.143005,218.0
877194.0,1583757900.0,1583757960.0,1.142945,1.142605,1.142605,1.142945,196.0
877195.0,1583757960.0,1583758020.0,1.14261,1.142245,1.14224,1.14276,185.0
877196.0,1583758020.0,1583758080.0,1.142215,1.14191,1.14182,1.14226,211.0
877197.0,1583758080.0,1583758140.0,1.141915,1.14197,1.14173,1.14201,182.0
877198.0,1583758140.0,1583758200.0,1.141965,1.14172,1.141715,1.14219,200.0
877199.0,1583758200.0,1583758260.0,1.14172,1.142215,1.14172,1.142215,206.0
877200.0,1583758260.0,1583758320.0,1.14223,1.14184,1.14149,1.142245,220.0
877201.0,1583758320.0,1583758380.0,1.14182,1.141635,1.14158,1.141845,106.0
